ad_id,xyz_campaign_id,age,gender,interest,impressions,clicks,spent,total_conversion,approved_conversion,revenue,roi,conversion_rate,cpa
708746,916,30-34,M,15,7350,1,1.429999948,2,1,50.0,33.965036236490825,1.0,1.429999948
708749,916,30-34,M,16,17861,2,1.820000023,2,0,0.0,-1.0,0.0,
708815,916,30-34,M,28,4259,1,1.25,1,0,0.0,-1.0,0.0,
708818,916,30-34,M,28,4133,1,1.289999962,1,1,50.0,37.75969106423896,1.0,1.289999962
708889,916,30-34,M,15,15615,3,4.769999981,1,0,0.0,-1.0,0.0,
708895,916,30-34,M,16,10951,1,1.269999981,1,1,50.0,38.37007932915867,1.0,1.269999981
708953,916,30-34,M,27,2355,1,1.5,1,0,0.0,-1.0,0.0,
708958,916,30-34,M,28,9502,3,3.159999967,1,0,0.0,-1.0,0.0,
709059,916,30-34,M,20,14669,7,10.28000021,1,1,50.0,3.8638131302139342,0.14285714285714285,10.28000021
709115,916,30-34,M,30,2305,1,0.569999993,1,0,0.0,-1.0,0.0,
709179,916,35-39,M,15,4627,1,1.690000057,1,0,0.0,-1.0,0.0,
709183,916,35-39,M,16,21026,4,4.630000114,2,1,50.0,9.799135803217823,0.25,4.630000114
709323,916,35-39,M,15,7132,2,2.609999895,1,0,0.0,-1.0,0.0,
709326,916,35-39,M,16,12190,2,3.049999952,1,0,0.0,-1.0,0.0,
709327,916,35-39,M,16,12193,2,3.059999943,1,1,50.0,15.339869585415872,0.5,3.059999943
709544,916,35-39,M,29,7440,2,2.980000019,1,1,50.0,15.778523382955722,0.5,2.980000019
709614,916,40-44,M,16,19113,4,5.5200001,1,0,0.0,-1.0,0.0,
709756,916,40-44,M,16,10976,2,1.690000057,1,1,50.0,28.58579781870386,0.5,1.690000057
709901,916,40-44,M,16,23817,7,8.470000148,1,1,50.0,4.903187618220571,0.14285714285714285,8.470000148
710045,916,45-49,M,16,47224,12,15.82000017,1,0,0.0,-1.0,0.0,
710088,916,45-49,M,24,2283,1,1.470000029,1,0,0.0,-1.0,0.0,
710360,916,45-49,M,21,2182,1,1.529999971,1,1,50.0,31.679739181511394,1.0,1.529999971
710480,916,30-34,F,16,57665,14,18.06999969,1,1,50.0,1.7670172029759454,0.07142857142857142,18.06999969
710571,916,30-34,F,32,3091,1,1.610000014,1,1,50.0,30.055900351066708,1.0,1.610000014
710617,916,30-34,F,15,5014,1,1.190000057,1,0,0.0,-1.0,0.0,
710623,916,30-34,F,16,38726,7,9.220000267,1,0,0.0,-1.0,0.0,
710763,916,30-34,F,15,5369,1,1.50999999,1,0,0.0,-1.0,0.0,
710836,916,30-34,F,29,22221,7,9.430000067,1,1,50.0,4.302226897640593,0.14285714285714285,9.430000067
710880,916,30-34,F,65,13019,5,6.960000038,1,0,0.0,-1.0,0.0,
710961,916,35-39,F,25,2508,1,1.220000029,1,0,0.0,-1.0,0.0,
710968,916,35-39,F,27,5864,2,2.799999952,1,1,50.0,16.857143163265313,0.5,2.799999952
711217,916,35-39,F,20,2783,1,1.600000024,1,0,0.0,-1.0,0.0,
711623,916,40-44,F,15,3812,1,1.129999995,2,1,50.0,43.247787806406144,1.0,1.129999995
711764,916,45-49,F,10,11199,4,5.730000019,1,1,50.0,7.726003461467004,0.25,5.730000019
711877,916,45-49,F,63,17572,7,9.379999995,1,0,0.0,-1.0,0.0,
734210,936,30-34,M,10,13329,4,5.629999995,1,1,50.0,7.880994679290404,0.25,5.629999995
734215,936,30-34,M,15,13659,3,3.840000033,1,0,0.0,-1.0,0.0,
734290,936,30-34,M,29,5374,1,1.039999962,4,0,0.0,-1.0,0.0,
734352,936,35-39,M,10,4423,1,1.460000038,1,1,50.0,33.24657445111656,1.0,1.460000038
734361,936,35-39,M,16,12382,2,2.839999914,1,1,50.0,16.605634335945265,0.5,2.839999914
734381,936,35-39,M,20,2938,1,1.350000024,1,1,50.0,36.03703637860083,1.0,1.350000024
734421,936,35-39,M,27,10332,4,5.75,1,0,0.0,-1.0,0.0,
734427,936,35-39,M,28,8259,3,3.980000019,1,0,0.0,-1.0,0.0,
734433,936,35-39,M,29,12158,3,4.449999928,1,0,0.0,-1.0,0.0,
734582,936,40-44,M,29,7709,2,1.320000052,2,0,0.0,-1.0,0.0,
734726,936,45-49,M,29,10466,3,4.090000033,1,0,0.0,-1.0,0.0,
734785,936,30-34,F,10,5576,1,1.529999971,1,1,50.0,31.679739181511394,1.0,1.529999971
734796,936,30-34,F,16,39337,7,10.03000009,1,1,50.0,3.985044820672579,0.14285714285714285,10.03000009
734852,936,30-34,F,26,13479,3,4.25,1,0,0.0,-1.0,0.0,
734854,936,30-34,F,27,57022,13,20.29000032,3,3,150.0,6.392804220517627,0.23076923076923078,6.76333344
734856,936,30-34,F,27,5453,1,1.389999986,1,1,50.0,34.97122338388282,1.0,1.389999986
734866,936,30-34,F,29,11803,3,4.440000057,1,0,0.0,-1.0,0.0,
734881,936,30-34,F,31,4259,1,1.570000052,1,1,50.0,30.847132703152297,1.0,1.570000052
734903,936,30-34,F,64,5323,1,1.289999962,1,1,50.0,37.75969106423896,1.0,1.289999962
734925,936,35-39,F,10,5024,1,1.409999967,1,1,50.0,34.46099373773957,1.0,1.409999967
734939,936,35-39,F,16,104648,24,33.33000004,4,2,100.0,2.00030002640228,0.08333333333333333,16.66500002
734968,936,35-39,F,22,8504,3,3.340000093,1,1,50.0,13.970059463408523,0.3333333333333333,3.340000093
734999,936,35-39,F,27,20277,6,8.050000072,1,0,0.0,-1.0,0.0,
735014,936,35-39,F,29,12403,4,5.210000038,1,1,50.0,8.596928912728732,0.25,5.210000038
735140,936,40-44,F,26,6907,2,2.349999964,1,0,0.0,-1.0,0.0,
735143,936,40-44,F,27,39035,13,19.32999957,1,0,0.0,-1.0,0.0,
735184,936,40-44,F,63,4412,1,1.450000048,1,0,0.0,-1.0,0.0,
735189,936,40-44,F,64,9965,3,4.050000072,1,0,0.0,-1.0,0.0,
735213,936,45-49,F,10,73634,23,32.97999978,1,0,0.0,-1.0,0.0,
735220,936,45-49,F,15,69708,20,31.28999949,1,0,0.0,-1.0,0.0,
735247,936,45-49,F,20,14257,6,8.789999962,1,0,0.0,-1.0,0.0,
735289,936,45-49,F,27,20362,5,9.119999886,1,1,50.0,4.48245620888158,0.2,9.119999886
735290,936,45-49,F,27,12215,4,6.26000011,1,0,0.0,-1.0,0.0,
735298,936,45-49,F,29,85412,28,38.63999999,2,1,50.0,0.29399585954813556,0.03571428571428571,38.63999999
736869,936,30-34,M,2,2338,1,0.239999995,1,0,0.0,-1.0,0.0,
736988,936,30-34,M,28,3891,1,1.090000033,1,0,0.0,-1.0,0.0,
737130,936,35-39,M,16,11199,2,2.680000067,1,0,0.0,-1.0,0.0,
737320,936,35-39,M,63,5676,2,3.00999999,1,0,0.0,-1.0,0.0,
737524,936,40-44,M,30,2148,1,1.580000043,1,1,50.0,30.645568759013003,1.0,1.580000043
737644,936,45-49,M,16,45401,10,14.06000042,1,0,0.0,-1.0,0.0,
737657,936,45-49,M,18,7478,2,2.900000095,1,1,50.0,16.241378745541038,0.5,2.900000095
737658,936,45-49,M,18,4919,1,1.590000033,1,0,0.0,-1.0,0.0,
737896,936,30-34,F,16,17553,3,4.590000153,1,0,0.0,-1.0,0.0,
737931,936,30-34,F,20,3343,1,0.540000021,1,0,0.0,-1.0,0.0,
738006,936,30-34,F,27,34740,7,13.41000009,1,1,50.0,2.7285607505167437,0.14285714285714285,13.41000009
738307,936,35-39,F,31,3010,1,0.860000014,1,1,50.0,57.1395339372634,1.0,0.860000014
738389,936,40-44,F,10,27081,9,10.77000046,1,1,50.0,3.6425253356024463,0.1111111111111111,10.77000046
738408,936,40-44,F,16,20233,4,5.590000153,3,0,0.0,-1.0,0.0,
738413,936,40-44,F,16,147159,36,58.16000044,3,1,50.0,-0.14030261998395538,0.027777777777777776,58.16000044
738423,936,40-44,F,18,21664,7,10.61999977,1,1,50.0,3.70809803040137,0.14285714285714285,10.61999977
738436,936,40-44,F,19,9112,4,5.460000038,1,1,50.0,8.157509093775577,0.25,5.460000038
738582,936,45-49,F,10,46150,15,20.17999983,1,1,50.0,1.4777007146287968,0.06666666666666667,20.17999983
738592,936,45-49,F,16,493821,116,176.3799977,4,1,50.0,-0.7165211438258228,0.008620689655172414,176.3799977
738593,936,45-49,F,16,92011,27,34.39000046,2,1,50.0,0.4539110011980499,0.037037037037037035,34.39000046
738598,936,45-49,F,18,12956,4,5.49000001,1,1,50.0,8.107468107272371,0.25,5.49000001
738637,936,45-49,F,24,944,1,1.419999957,1,0,0.0,-1.0,0.0,
738648,936,45-49,F,26,111090,38,51.97000027,5,1,50.0,-0.037906489508663606,0.02631578947368421,51.97000027
747212,936,30-34,M,10,7208,2,3.190000057,1,0,0.0,-1.0,0.0,
747222,936,30-34,M,16,12489,2,1.960000038,1,0,0.0,-1.0,0.0,
747223,936,30-34,M,16,8032,1,0.600000024,2,0,0.0,-1.0,0.0,
747362,936,35-39,M,15,4607,1,1.149999976,1,1,50.0,42.47826177693764,1.0,1.149999976
747369,936,35-39,M,16,13355,2,3.180000067,1,1,50.0,14.723270108975127,0.5,3.180000067
747401,936,35-39,M,22,2793,1,0.980000019,1,1,50.0,50.020407174094146,1.0,0.980000019
747489,936,40-44,M,2,4016,2,1.480000049,1,1,50.0,32.783782665266656,0.5,1.480000049
747514,936,40-44,M,16,14843,3,2.939999938,1,1,50.0,16.006803079735302,0.3333333333333333,2.939999938
747645,936,45-49,M,10,9674,3,4.600000024,1,1,50.0,9.86956516068053,0.3333333333333333,4.600000024
747659,936,45-49,M,16,12186,2,2.669999957,1,0,0.0,-1.0,0.0,
747791,936,30-34,F,10,31393,8,10.96000051,1,1,50.0,3.562043583335563,0.125,10.96000051
747795,936,30-34,F,15,8410,2,2.359999895,1,1,50.0,20.186441620583206,0.5,2.359999895
747798,936,30-34,F,16,25884,5,7.350000143,1,0,0.0,-1.0,0.0,
747828,936,30-34,F,22,28488,10,9.340000033,1,0,0.0,-1.0,0.0,
747852,936,30-34,F,26,10126,3,4.619999886,1,0,0.0,-1.0,0.0,
747859,936,30-34,F,27,22572,5,8.5,1,0,0.0,-1.0,0.0,
747991,936,35-39,F,25,4868,2,2.420000076,1,0,0.0,-1.0,0.0,
748000,936,35-39,F,26,6585,2,2.950000048,1,0,0.0,-1.0,0.0,
748007,936,35-39,F,27,10164,2,3.720000029,1,1,50.0,12.440860110272865,0.5,3.720000029
748014,936,35-39,F,29,11182,4,4.449999809,1,0,0.0,-1.0,0.0,
748086,936,40-44,F,16,34127,8,13.07000017,1,0,0.0,-1.0,0.0,
748087,936,40-44,F,16,29466,7,10.84999967,2,0,0.0,-1.0,0.0,
748089,936,40-44,F,16,38759,9,10.84999967,1,0,0.0,-1.0,0.0,
748091,936,40-44,F,16,41720,10,12.06000006,1,1,50.0,3.145936961131325,0.1,12.06000006
748225,936,45-49,F,15,18602,5,8.860000134,1,0,0.0,-1.0,0.0,
748230,936,45-49,F,16,83929,21,27.72999954,4,1,50.0,0.8031013642057925,0.047619047619047616,27.72999954
748231,936,45-49,F,16,25194,6,7.349999905,1,0,0.0,-1.0,0.0,
748233,936,45-49,F,16,78627,19,26.53000045,1,0,0.0,-1.0,0.0,
748235,936,45-49,F,16,102695,25,39.42999983,3,0,0.0,-1.0,0.0,
748294,936,45-49,F,27,82827,24,47.93000031,3,0,0.0,-1.0,0.0,
748295,936,45-49,F,27,9240,3,6.039999962,1,0,0.0,-1.0,0.0,
748303,936,45-49,F,29,7706,2,2.369999886,1,0,0.0,-1.0,0.0,
748314,936,45-49,F,31,7821,4,6.340000153,1,1,50.0,6.88643514091095,0.25,6.340000153
776322,936,45-49,F,16,119063,34,53.21999949,1,0,0.0,-1.0,0.0,
776323,936,45-49,F,16,99078,23,35.79999948,2,0,0.0,-1.0,0.0,
776325,936,45-49,F,16,452398,114,180.2200012,1,0,0.0,-1.0,0.0,
776334,936,45-49,F,10,191223,48,76.41000056,1,0,0.0,-1.0,0.0,
776336,936,45-49,F,10,22216,6,9.549999952,1,0,0.0,-1.0,0.0,
776338,936,45-49,F,10,48291,11,18.01999998,1,0,0.0,-1.0,0.0,
776353,936,40-44,F,63,27559,8,13.37,1,0,0.0,-1.0,0.0,
776373,936,45-49,F,25,10194,4,4.590000033,2,1,50.0,9.893246109046379,0.25,4.590000033
776405,936,45-49,F,21,40126,16,25.86000001,1,0,0.0,-1.0,0.0,
776416,936,45-49,F,19,3659,1,0.49000001,1,1,50.0,101.04081424406502,1.0,0.49000001
776464,936,45-49,F,29,7550,1,1.679999948,1,1,50.0,28.7619056831066,1.0,1.679999948
776469,936,45-49,F,28,45397,15,25.41999936,1,1,50.0,0.9669552029445843,0.06666666666666667,25.41999936
776473,936,30-34,M,16,23086,2,3.310000062,1,1,50.0,14.105739898321488,0.5,3.310000062
776475,936,30-34,M,16,16425,1,1.549999952,1,0,0.0,-1.0,0.0,
776476,936,30-34,M,16,43756,5,5.439999938,0,0,0.0,-1.0,0.0,
776489,936,45-49,F,26,175389,55,81.60999787,1,0,0.0,-1.0,0.0,
776515,936,45-49,F,65,12706,3,4.98999989,1,1,50.0,9.020040301042972,0.3333333333333333,4.98999989
776519,936,45-49,F,65,70702,20,31.7099998,1,0,0.0,-1.0,0.0,
776533,936,45-49,F,63,63927,16,25.52000046,2,0,0.0,-1.0,0.0,
776534,936,45-49,F,63,15105,3,4.25999999,1,0,0.0,-1.0,0.0,
776538,936,30-34,F,15,8774,1,1.830000043,1,0,0.0,-1.0,0.0,
776551,936,30-34,F,16,14459,1,1.389999986,1,0,0.0,-1.0,0.0,
776552,936,30-34,F,16,21596,2,2.809999943,1,0,0.0,-1.0,0.0,
776553,936,30-34,F,16,66765,8,11.04999971,1,0,0.0,-1.0,0.0,
776579,936,30-34,F,10,26910,5,7.229999781,1,0,0.0,-1.0,0.0,
776615,936,45-49,M,63,11988,3,4.269999862,1,0,0.0,-1.0,0.0,
776623,936,45-49,M,64,19353,6,9.4799999,1,1,50.0,4.2742616590111995,0.16666666666666666,9.4799999
776631,936,40-44,M,29,10960,2,2.890000105,1,0,0.0,-1.0,0.0,
776643,936,30-34,M,15,33491,6,10.56999969,2,1,50.0,3.7303691075131904,0.16666666666666666,10.56999969
776644,936,30-34,M,15,20083,2,3.200000048,2,1,50.0,14.624999765625002,0.5,3.200000048
776661,936,30-34,M,16,15466,1,0.970000029,1,0,0.0,-1.0,0.0,
776662,936,30-34,M,16,27072,3,4.370000005,1,0,0.0,-1.0,0.0,
776663,936,30-34,M,16,15753,1,0.569999993,1,1,50.0,86.71929932286858,1.0,0.569999993
776668,936,40-44,M,19,3523,1,1.809999943,1,1,50.0,26.624310262202034,1.0,1.809999943
776686,936,40-44,M,16,18709,2,3.319999933,1,0,0.0,-1.0,0.0,
776696,936,30-34,M,10,7966,1,1.179999948,1,1,50.0,41.3728832232118,1.0,1.179999948
776698,936,30-34,M,10,12785,3,4.730000019,2,1,50.0,9.57082448185081,0.3333333333333333,4.730000019
776699,936,30-34,M,10,8213,1,1.379999995,1,1,50.0,35.23188418924596,1.0,1.379999995
776725,936,40-44,M,23,2479,1,1.25999999,1,0,0.0,-1.0,0.0,
776780,936,40-44,M,2,3812,2,3.049999952,1,0,0.0,-1.0,0.0,
776799,936,45-49,M,20,10257,3,3.579999924,1,1,50.0,12.966480743422496,0.3333333333333333,3.579999924
776817,936,40-44,M,10,12356,4,6.279999971,1,0,0.0,-1.0,0.0,
776825,936,45-49,M,18,7410,1,1.210000038,1,0,0.0,-1.0,0.0,
776829,936,45-49,M,16,140098,28,46.63000011,1,0,0.0,-1.0,0.0,
776831,936,45-49,M,16,107021,20,34.44000012,1,0,0.0,-1.0,0.0,
776840,936,35-39,M,36,2797,1,1.289999962,1,0,0.0,-1.0,0.0,
776861,936,45-49,M,7,16461,6,9.21999979,1,0,0.0,-1.0,0.0,
776892,936,40-44,M,63,17488,5,7.719999909,1,0,0.0,-1.0,0.0,
776928,936,35-39,M,10,9750,2,1.5,1,1,50.0,32.333333333333336,0.5,1.5
777105,936,45-49,M,63,4333,1,0.180000007,1,1,50.0,276.7777669753091,1.0,0.180000007
777187,936,40-44,M,27,11292,3,5.389999866,1,1,50.0,8.276438078486587,0.3333333333333333,5.389999866
777198,936,30-34,M,64,12729,4,5.779999852,1,0,0.0,-1.0,0.0,
777235,936,30-34,M,65,2883,1,0.99000001,1,1,50.0,49.50504999489848,1.0,0.99000001
777248,936,30-34,F,7,3989,1,1.279999971,1,0,0.0,-1.0,0.0,
777261,936,40-44,M,29,19603,4,5.279999971,1,1,50.0,8.469697021708564,0.25,5.279999971
777382,936,40-44,M,24,3047,1,1.379999995,1,0,0.0,-1.0,0.0,
777398,936,35-39,M,24,3029,1,1.049999952,1,1,50.0,46.619049795918464,1.0,1.049999952
777410,936,45-49,M,26,3490,1,1.340000033,1,1,50.0,36.31343191690802,1.0,1.340000033
777495,936,40-44,M,19,19581,7,10.42999983,2,0,0.0,-1.0,0.0,
777519,936,45-49,M,29,19537,5,6.099999905,1,0,0.0,-1.0,0.0,
777625,936,45-49,M,16,59433,12,19.65999949,3,0,0.0,-1.0,0.0,
777627,936,45-49,M,16,157534,33,56.19000077,2,0,0.0,-1.0,0.0,
777670,936,40-44,M,16,23769,4,6.029999852,1,0,0.0,-1.0,0.0,
777742,936,35-39,M,64,4726,1,1.830000043,1,1,50.0,26.322403729582863,1.0,1.830000043
777758,936,30-34,M,19,5209,1,0.959999979,2,0,0.0,-1.0,0.0,
777794,936,30-34,M,18,13473,3,2.619999945,3,0,0.0,-1.0,0.0,
777871,936,30-34,M,20,4616,1,1.360000014,1,0,0.0,-1.0,0.0,
778037,936,35-39,M,27,14615,4,6.050000191,1,0,0.0,-1.0,0.0,
778048,936,30-34,M,27,56615,12,19.88000035,2,0,0.0,-1.0,0.0,
778085,936,30-34,M,26,11735,3,4.529999971,1,1,50.0,10.037527664478654,0.3333333333333333,4.529999971
778087,936,30-34,M,26,15910,5,6.779999852,1,0,0.0,-1.0,0.0,
778112,936,35-39,M,29,11446,2,3.090000033,1,1,50.0,15.181229600653534,0.5,3.090000033
778156,936,30-34,M,28,9388,2,3.140000105,1,0,0.0,-1.0,0.0,
778161,936,30-34,M,28,17954,6,7.5400002,2,1,50.0,5.63129955885147,0.16666666666666666,7.5400002
778264,936,40-44,F,27,8152,1,0.99000001,1,0,0.0,-1.0,0.0,
778266,936,40-44,F,27,74542,19,34.1500001,1,0,0.0,-1.0,0.0,
778421,936,40-44,F,20,6699,2,3.090000033,1,0,0.0,-1.0,0.0,
778422,936,40-44,F,20,11911,4,3.959999919,1,0,0.0,-1.0,0.0,
778461,936,40-44,M,29,10090,2,2.650000095,1,1,50.0,17.867923851904614,0.5,2.650000095
778483,936,40-44,F,18,24188,5,8.179999828,1,0,0.0,-1.0,0.0,
778556,936,40-44,M,32,9735,4,4.130000114,1,1,50.0,11.10653719609074,0.25,4.130000114
778600,936,40-44,F,22,10750,4,5.389999866,1,0,0.0,-1.0,0.0,
778626,936,30-34,M,29,7629,1,0.720000029,1,1,50.0,68.44444164737665,1.0,0.720000029
778689,936,30-34,M,28,7453,1,1.679999948,1,1,50.0,28.7619056831066,1.0,1.679999948
778722,936,35-39,F,64,41785,14,19.10000038,1,0,0.0,-1.0,0.0,
778737,936,35-39,M,27,8077,2,3.579999924,1,1,50.0,12.966480743422496,0.5,3.579999924
778756,936,35-39,F,63,5602,1,1.580000043,1,0,0.0,-1.0,0.0,
778804,936,30-34,M,26,6184,2,2.75,1,1,50.0,17.181818181818183,0.5,2.75
778964,936,35-39,F,27,112460,25,41.29000068,1,0,0.0,-1.0,0.0,
779106,936,35-39,F,30,14670,7,9.410000324,1,0,0.0,-1.0,0.0,
779438,936,30-34,F,64,33144,9,13.40999985,1,0,0.0,-1.0,0.0,
779453,936,45-49,M,64,4397,1,0.949999988,1,0,0.0,-1.0,0.0,
779573,936,35-39,F,10,89527,24,32.28999996,1,0,0.0,-1.0,0.0,
779609,936,35-39,F,15,7116,2,1.730000019,1,1,50.0,27.901733786628355,0.5,1.730000019
779622,936,30-34,F,15,8613,1,0.889999986,2,0,0.0,-1.0,0.0,
779631,936,35-39,F,16,9730,1,1.379999995,1,0,0.0,-1.0,0.0,
779644,936,30-34,F,16,51816,8,10.2299999,2,1,50.0,3.887585580523809,0.125,10.2299999
779645,936,30-34,F,16,27289,3,4.429999828,1,0,0.0,-1.0,0.0,
779715,936,30-34,F,29,20409,4,3.829999924,1,0,0.0,-1.0,0.0,
779716,936,30-34,F,29,8044,1,1.110000014,1,0,0.0,-1.0,0.0,
779738,936,30-34,F,28,15645,4,5.349999905,1,0,0.0,-1.0,0.0,
779789,936,45-49,M,10,11611,3,3.950000048,1,1,50.0,11.658227694279764,0.3333333333333333,3.950000048
779824,936,45-49,M,7,9375,3,4.019999981,1,0,0.0,-1.0,0.0,
779871,936,30-34,F,32,4402,1,1.330000043,1,1,50.0,36.59398374696143,1.0,1.330000043
779918,936,30-34,F,18,8469,2,3.089999914,1,0,0.0,-1.0,0.0,
779922,936,30-34,F,18,5823,1,1.419999957,1,1,50.0,34.21126867189053,1.0,1.419999957
779979,936,35-39,M,16,25817,4,6.019999981,1,0,0.0,-1.0,0.0,
780104,936,30-34,F,25,4971,1,1.230000019,1,1,50.0,39.65040587613194,1.0,1.230000019
780318,936,45-49,F,29,162341,56,77.07999969,3,0,0.0,-1.0,0.0,
780323,936,45-49,F,29,24542,7,9.329999924,1,0,0.0,-1.0,0.0,
780498,936,30-34,F,64,13621,3,4.090000033,1,0,0.0,-1.0,0.0,
780511,936,30-34,F,63,6175,1,1.370000005,2,1,50.0,35.49635023176514,1.0,1.370000005
780653,936,30-34,F,29,9076,1,1.379999995,1,1,50.0,35.23188418924596,1.0,1.379999995
780655,936,30-34,F,29,20941,4,5.909999967,1,1,50.0,7.460236933872728,0.25,5.909999967
780760,936,45-49,F,18,17167,5,6.910000086,1,0,0.0,-1.0,0.0,
780797,936,30-34,F,22,24491,7,9.539999962,1,0,0.0,-1.0,0.0,
780799,936,30-34,F,22,44699,13,17.30000037,2,0,0.0,-1.0,0.0,
780821,936,30-34,F,23,6469,2,1.309999943,1,0,0.0,-1.0,0.0,
780830,936,45-49,F,16,16053,3,4.079999924,1,1,50.0,11.254902189061903,0.3333333333333333,4.079999924
780835,936,45-49,F,16,54724,12,17.92999995,1,1,50.0,1.7886224283006764,0.08333333333333333,17.92999995
780867,936,30-34,F,21,4706,1,1.220000029,1,0,0.0,-1.0,0.0,
780974,936,40-44,F,32,8316,3,4.569999933,1,1,50.0,9.940919197602097,0.3333333333333333,4.569999933
781066,936,40-44,F,22,5794,2,2.269999981,1,0,0.0,-1.0,0.0,
781114,936,40-44,F,18,4813,1,1.029999971,1,0,0.0,-1.0,0.0,
781159,936,40-44,F,10,85285,26,36.13000035,1,0,0.0,-1.0,0.0,
781162,936,40-44,F,10,5839,1,1.370000005,1,0,0.0,-1.0,0.0,
781175,936,40-44,F,15,5859,1,1.539999962,1,0,0.0,-1.0,0.0,
781187,936,40-44,F,16,164118,41,59.06999993,1,0,0.0,-1.0,0.0,
781195,936,35-39,F,63,18234,6,7.810000062,1,0,0.0,-1.0,0.0,
781303,936,35-39,F,27,73676,20,28.5,1,0,0.0,-1.0,0.0,
781305,936,35-39,F,27,18421,7,10.07999992,1,0,0.0,-1.0,0.0,
781327,936,35-39,F,29,164754,49,67.97999978,2,1,50.0,-0.26448955337139896,0.02040816326530612,67.97999978
781353,936,35-39,F,10,7449,1,1.639999986,1,1,50.0,29.48780513831053,1.0,1.639999986
781354,936,35-39,F,10,6424,1,0.529999971,1,0,0.0,-1.0,0.0,
781499,936,35-39,M,15,6412,1,1.370000005,1,0,0.0,-1.0,0.0,
781508,936,30-34,F,63,5040,1,1.440000057,1,0,0.0,-1.0,0.0,
781606,936,35-39,M,20,8200,3,3.919999957,1,0,0.0,-1.0,0.0,
781690,936,45-49,F,26,115896,38,49.44000006,1,0,0.0,-1.0,0.0,
781811,936,35-39,F,16,10186,1,1.230000019,1,1,50.0,39.65040587613194,1.0,1.230000019
781857,936,30-34,M,20,9134,3,4.180000067,2,0,0.0,-1.0,0.0,
781858,936,30-34,M,20,3385,1,1.440000057,1,1,50.0,33.72222084780098,1.0,1.440000057
781929,936,30-34,M,18,6142,1,1.330000043,1,0,0.0,-1.0,0.0,
781999,936,30-34,M,24,9142,3,3.749999881,1,0,0.0,-1.0,0.0,
782001,936,30-34,M,24,5475,2,2.730000019,1,1,50.0,17.315018187551154,0.5,2.730000019
782022,936,30-34,F,18,8254,2,2.320000052,1,1,50.0,20.551723654875158,0.5,2.320000052
782026,936,30-34,F,18,5704,1,1.320000052,1,0,0.0,-1.0,0.0,
782134,936,30-34,F,16,37873,5,6.169999957,1,1,50.0,7.103727771225331,0.2,6.169999957
782135,936,30-34,F,16,25267,4,4.940000057,2,1,50.0,9.121457373092497,0.25,4.940000057
782228,936,40-44,F,63,12318,5,6.340000153,1,1,50.0,6.88643514091095,0.2,6.340000153
782242,936,30-34,F,28,4783,1,0.860000014,1,0,0.0,-1.0,0.0,
782275,936,30-34,F,29,6475,1,1.350000024,1,0,0.0,-1.0,0.0,
782337,936,45-49,F,16,104578,29,39.25000095,1,1,50.0,0.27388531948557826,0.034482758620689655,39.25000095
782407,936,45-49,F,10,33664,11,12.51000035,1,0,0.0,-1.0,0.0,
782541,936,40-44,F,28,7337,3,4.079999924,1,0,0.0,-1.0,0.0,
782647,936,40-44,F,27,11244,3,4.550000191,1,0,0.0,-1.0,0.0,
782694,936,35-39,F,29,29035,7,8.910000086,2,2,100.0,10.223344448349312,0.2857142857142857,4.455000043
782754,936,35-39,F,26,6532,1,1.610000014,1,0,0.0,-1.0,0.0,
782815,936,40-44,F,10,11537,3,4.300000191,1,0,0.0,-1.0,0.0,
782816,936,40-44,F,10,12183,3,2.869999945,1,0,0.0,-1.0,0.0,
782862,936,35-39,F,64,5912,1,1.559999943,1,1,50.0,31.05128322238663,1.0,1.559999943
950068,936,30-34,M,10,4012,1,1.570000052,1,0,0.0,-1.0,0.0,
950078,936,30-34,M,16,12396,2,3.210000038,2,1,50.0,14.576323803146323,0.5,3.210000038
950183,936,30-34,M,16,15720,1,1.379999995,1,0,0.0,-1.0,0.0,
950224,936,40-44,M,20,2367,2,2.839999914,1,1,50.0,16.605634335945265,0.5,2.839999914
950326,936,35-39,M,16,6607,1,1.320000052,2,0,0.0,-1.0,0.0,
950452,936,45-49,M,16,5537,1,1.519999981,1,0,0.0,-1.0,0.0,
950495,936,45-49,M,21,1909,1,0.980000019,1,0,0.0,-1.0,0.0,
950537,936,40-44,M,36,1884,1,1.409999967,1,0,0.0,-1.0,0.0,
950770,936,30-34,M,28,7780,3,4.329999924,2,2,100.0,22.094688627066127,0.6666666666666666,2.164999962
950776,936,35-39,M,28,2633,1,1.070000052,1,0,0.0,-1.0,0.0,
950878,936,40-44,M,10,2967,1,1.5,1,1,50.0,32.333333333333336,1.0,1.5
951033,936,30-34,F,10,5517,1,1.230000019,1,0,0.0,-1.0,0.0,
951046,936,30-34,F,16,20050,4,4.659999847,4,1,50.0,9.729614086186901,0.25,4.659999847
951105,936,45-49,M,16,5894,1,1.539999962,1,1,50.0,31.46753326867939,1.0,1.539999962
951133,936,35-39,M,16,9948,2,2.720000029,2,0,0.0,-1.0,0.0,
951202,936,45-49,F,26,5307,3,4.289999962,2,1,50.0,10.655011758249524,0.3333333333333333,4.289999962
951225,936,35-39,F,22,4621,2,3.25,1,1,50.0,14.384615384615385,0.5,3.25
951282,936,35-39,F,16,5775,1,1.580000043,1,1,50.0,30.645568759013003,1.0,1.580000043
951285,936,35-39,F,16,9297,2,2.619999886,2,1,50.0,18.08397029602008,0.5,2.619999886
951334,936,30-34,F,64,3717,1,1.539999962,1,0,0.0,-1.0,0.0,
951391,936,30-34,F,28,2879,1,1.590000033,2,2,100.0,61.89308045567821,2.0,0.7950000165
951392,936,30-34,F,28,2749,1,1.389999986,1,0,0.0,-1.0,0.0,
951400,936,45-49,F,10,24028,9,12.39000034,2,0,0.0,-1.0,0.0,
951444,936,30-34,F,25,2983,1,0.970000029,1,0,0.0,-1.0,0.0,
951462,936,45-49,F,16,7589,2,3.150000095,1,1,50.0,14.873015394305883,0.5,3.150000095
951464,936,45-49,F,16,20997,10,11.94999981,1,0,0.0,-1.0,0.0,
951465,936,45-49,F,16,4617,1,1.360000014,1,0,0.0,-1.0,0.0,
951608,936,40-44,F,10,3149,1,1.480000019,1,0,0.0,-1.0,0.0,
951677,936,35-39,F,27,2563,1,1.480000019,1,0,0.0,-1.0,0.0,
951715,936,45-49,F,64,10677,5,7.269999981,1,0,0.0,-1.0,0.0,
951756,936,35-39,F,22,2189,1,0.409999996,1,0,0.0,-1.0,0.0,
951779,936,45-49,F,27,3277,2,2.680000067,1,0,0.0,-1.0,0.0,
951812,936,35-39,F,16,16274,4,6.079999924,2,0,0.0,-1.0,0.0,
951837,936,45-49,F,20,2077,1,1.50999999,1,1,50.0,32.11258300074558,1.0,1.50999999
951856,936,30-34,F,20,4626,2,2.099999905,2,0,0.0,-1.0,0.0,
951941,936,30-34,F,28,2764,1,1.559999943,1,1,50.0,31.05128322238663,1.0,1.559999943
952001,936,45-49,F,10,5447,2,2.960000038,1,0,0.0,-1.0,0.0,
952031,936,40-44,F,16,28169,8,12.36999989,1,1,50.0,3.04203722268586,0.125,12.36999989
1121091,1178,30-34,M,10,1194718,141,254.049996,28,14,700.0,1.755363160879562,0.09929078014184398,18.146428285714286
1121092,1178,30-34,M,10,637648,67,122.4,13,5,250.0,1.0424836601307188,0.07462686567164178,24.48
1121095,1178,30-34,M,10,459690,50,86.33000112,5,2,100.0,0.15834586705261927,0.04,43.16500056
1121096,1178,30-34,M,10,750060,86,161.9099991,11,2,100.0,-0.38237291979578547,0.023255813953488372,80.95499955
1121097,1178,30-34,M,15,30068,1,1.820000052,1,0,0.0,-1.0,0.0,
1121098,1178,30-34,M,15,1267550,123,236.7699986,24,10,500.0,1.1117540353780277,0.08130081300813008,23.676999860000002
1121100,1178,30-34,M,15,3052003,340,639.9499981,60,17,850.0,0.32822877181597726,0.05,37.64411753529412
1121101,1178,30-34,M,15,29945,1,1.590000033,2,1,50.0,30.4465402278391,1.0,1.590000033
1121102,1178,30-34,M,15,357856,30,52.97000015,7,3,150.0,1.8317915721206581,0.1,17.656666716666667
1121104,1178,30-34,M,16,2080666,202,360.1500015,40,21,1050.0,1.9154518829010754,0.10396039603960396,17.150000071428572
1121105,1178,30-34,M,16,145999,9,16.5200001,5,2,100.0,5.053268728491109,0.2222222222222222,8.26000005
1121107,1178,30-34,M,16,32616,1,1.539999962,2,0,0.0,-1.0,0.0,
1121108,1178,30-34,M,16,984521,95,163.8999972,26,14,700.0,3.270896961308795,0.14736842105263157,11.707142657142857
1121110,1178,30-34,M,18,880814,123,210.3600006,6,2,100.0,-0.5246244546740128,0.016260162601626018,105.1800003
1121111,1178,30-34,M,18,182452,20,35.73000026,4,1,50.0,0.39938426073775807,0.05,35.73000026
1121113,1178,30-34,M,18,894911,120,215.8399994,7,4,200.0,-0.07338769201275308,0.03333333333333333,53.95999985
1121114,1178,30-34,M,18,31349,2,3.800000072,1,0,0.0,-1.0,0.0,
1121115,1178,30-34,M,19,410310,55,96.80000055,3,0,0.0,-1.0,0.0,
1121116,1178,30-34,M,19,572450,89,157.329998,7,4,200.0,0.2712133893245204,0.0449438202247191,39.3324995
1121117,1178,30-34,M,19,98759,15,26.56999946,1,1,50.0,0.8818216415575344,0.06666666666666667,26.56999946
1121119,1178,30-34,M,19,345371,54,93.08999991,7,3,150.0,0.6113438623377478,0.05555555555555555,31.029999970000002
1121121,1178,30-34,M,20,323899,46,78.9200002,5,1,50.0,-0.36644703657768113,0.021739130434782608,78.9200002
1121122,1178,30-34,M,20,399199,58,103.1500002,3,0,0.0,-1.0,0.0,
1121123,1178,30-34,M,20,171202,22,36.53000021,3,1,50.0,0.3687380156738303,0.045454545454545456,36.53000021
1121124,1178,30-34,M,20,128386,15,28.85000002,2,1,50.0,0.7331022518314716,0.06666666666666667,28.85000002
1121125,1178,30-34,M,20,1034284,152,257.7099986,20,9,450.0,0.7461487813612521,0.05921052631578947,28.63444428888889
1121126,1178,30-34,M,20,45923,5,7.220000148,2,0,0.0,-1.0,0.0,
1121127,1178,30-34,M,21,40873,4,7.899999976,2,1,50.0,5.32911394327832,0.25,7.899999976
1121128,1178,30-34,M,21,286553,34,62.06000042,2,1,50.0,-0.19432807506255576,0.029411764705882353,62.06000042
1121129,1178,30-34,M,21,20618,1,2.099999905,2,1,50.0,22.809524886621368,1.0,2.099999905
1121131,1178,30-34,M,21,83591,7,14.14000046,2,2,100.0,6.072135554937599,0.2857142857142857,7.07000023
1121132,1178,30-34,M,21,114923,12,23.73000026,4,2,100.0,3.2140749643632747,0.16666666666666666,11.86500013
1121133,1178,30-34,M,22,25002,1,1.710000038,1,0,0.0,-1.0,0.0,
1121134,1178,30-34,M,22,68905,5,9.440000057,1,0,0.0,-1.0,0.0,
1121136,1178,30-34,M,22,169588,16,27.79999924,1,0,0.0,-1.0,0.0,
1121138,1178,30-34,M,22,328991,35,67.65000057,5,2,100.0,0.4781965876929481,0.05714285714285714,33.825000285
1121141,1178,30-34,M,23,23198,2,2.980000019,1,0,0.0,-1.0,0.0,
1121142,1178,30-34,M,23,26890,2,3.24000001,1,0,0.0,-1.0,0.0,
1121143,1178,30-34,M,23,221695,31,52.26000011,5,2,100.0,0.9135093721682734,0.06451612903225806,26.130000055
1121152,1178,30-34,M,24,88443,7,13.0400002,1,1,50.0,2.8343557694117214,0.14285714285714285,13.0400002
1121153,1178,30-34,M,24,187856,23,38.38999975,5,1,50.0,0.30242251434242323,0.043478260869565216,38.38999975
1121164,1178,30-34,M,25,570699,80,138.7699997,9,2,100.0,-0.2793831504202273,0.025,69.38499985
1121167,1178,30-34,M,25,1063508,145,260.3800013,23,7,350.0,0.3441892551369305,0.04827586206896552,37.19714304285714
1121168,1178,30-34,M,25,50523,6,8.549999952,1,0,0.0,-1.0,0.0,
1121172,1178,30-34,M,26,87935,9,15.63000023,1,0,0.0,-1.0,0.0,
1121173,1178,30-34,M,26,278225,33,60.19999957,3,0,0.0,-1.0,0.0,
1121175,1178,30-34,M,26,209461,20,34.19000006,1,0,0.0,-1.0,0.0,
1121177,1178,30-34,M,26,26316,2,3.24000001,3,0,0.0,-1.0,0.0,
1121181,1178,30-34,M,27,41030,3,5.140000105,2,1,50.0,8.727626260427868,0.3333333333333333,5.140000105
1121182,1178,30-34,M,27,876671,120,216.5599982,22,4,200.0,-0.07646840754360514,0.03333333333333333,54.13999955
1121183,1178,30-34,M,27,399392,53,93.07000041,5,0,0.0,-1.0,0.0,
1121184,1178,30-34,M,27,283858,30,56.05999923,1,0,0.0,-1.0,0.0,
1121185,1178,30-34,M,27,260699,31,54.09999871,5,2,100.0,0.8484288795651248,0.06451612903225806,27.049999355
1121193,1178,30-34,M,28,57781,5,7.800000072,2,1,50.0,5.410256351084813,0.2,7.800000072
1121195,1178,30-34,M,28,38757,3,5.220000029,1,0,0.0,-1.0,0.0,
1121196,1178,30-34,M,28,1392288,206,358.5500029,31,7,350.0,-0.023846054471751286,0.03398058252427184,51.22142898571428
1121197,1178,30-34,M,28,1109387,159,280.9899995,13,2,100.0,-0.644115448315092,0.012578616352201259,140.49499975
1121202,1178,30-34,M,29,581281,65,115.1200008,10,5,250.0,1.1716469619760461,0.07692307692307693,23.02400016
1121203,1178,30-34,M,29,1048861,128,219.770002,22,8,400.0,0.8200846173719377,0.0625,27.47125025
1121205,1178,30-34,M,29,297452,30,52.01999986,4,1,50.0,-0.03883121617524739,0.03333333333333333,52.01999986
1121206,1178,30-34,M,29,227925,22,35.30999994,22,12,600.0,15.99235346982558,0.5454545454545454,2.942499995
1121207,1178,30-34,M,29,374175,38,63.32000101,8,3,150.0,1.3689197347977111,0.07894736842105263,21.10666700333333
1121211,1178,30-34,M,30,223586,32,54.24000037,1,0,0.0,-1.0,0.0,
1121213,1178,30-34,M,30,283170,39,65.22999996,2,1,50.0,-0.23348152643475795,0.02564102564102564,65.22999996
1121215,1178,30-34,M,30,41636,3,4.210000038,1,0,0.0,-1.0,0.0,
1121216,1178,30-34,M,30,198658,30,48.60999978,8,1,50.0,0.028594943968131763,0.03333333333333333,48.60999978
1121220,1178,30-34,M,31,100596,10,13.91999972,4,2,100.0,6.183908190480913,0.2,6.95999986
1121223,1178,30-34,M,31,64020,5,11.0599997,1,0,0.0,-1.0,0.0,
1121229,1178,30-34,M,32,404866,43,87.42000079,4,0,0.0,-1.0,0.0,
1121231,1178,30-34,M,32,22256,1,1.659999967,1,1,50.0,29.12048252649152,1.0,1.659999967
1121233,1178,30-34,M,32,57690,4,6.74000001,1,0,0.0,-1.0,0.0,
1121241,1178,30-34,M,36,24952,5,8.220000267,3,2,100.0,11.165449726499382,0.4,4.1100001335
1121242,1178,30-34,M,36,38900,3,5.580000043,1,0,0.0,-1.0,0.0,
1121243,1178,30-34,M,36,53520,6,9.2299999,1,1,50.0,4.41711815186477,0.16666666666666666,9.2299999
1121244,1178,30-34,M,36,181683,20,34.22999972,2,1,50.0,0.4607069941278982,0.05,34.22999972
1121245,1178,30-34,M,36,29185,2,3.149999976,1,0,0.0,-1.0,0.0,
1121246,1178,30-34,M,36,105047,13,20.2099994,3,1,50.0,1.4740228344588668,0.07692307692307693,20.2099994
1121250,1178,30-34,M,63,287976,31,59.43999982,3,2,100.0,0.6823687803301882,0.06451612903225806,29.71999991
1121251,1178,30-34,M,63,212175,22,38.58999968,2,1,50.0,0.2956724647477375,0.045454545454545456,38.58999968
1121254,1178,30-34,M,63,124005,11,21.84999979,4,1,50.0,1.2883295414438998,0.09090909090909091,21.84999979
1121255,1178,30-34,M,63,20423,1,1.960000038,1,0,0.0,-1.0,0.0,
1121261,1178,30-34,M,64,103001,14,22.32000005,1,0,0.0,-1.0,0.0,
1121262,1178,30-34,M,64,447420,66,110.2399991,7,2,100.0,-0.09288823642597441,0.030303030303030304,55.11999955
1121263,1178,30-34,M,64,156101,19,29.75000048,2,2,100.0,2.361344483581669,0.10526315789473684,14.87500024
1121264,1178,30-34,M,64,93015,12,18.47000015,1,0,0.0,-1.0,0.0,
1121265,1178,30-34,M,65,145398,23,36.24000025,1,0,0.0,-1.0,0.0,
1121269,1178,30-34,M,65,296413,50,76.43999958,3,1,50.0,-0.3458921994410613,0.02,76.43999958
1121274,1178,30-34,M,2,63785,7,11.80000019,6,2,100.0,7.4745761347314,0.2857142857142857,5.900000095
1121275,1178,30-34,M,2,118522,14,26.81999981,2,1,50.0,0.864280400977378,0.07142857142857142,26.81999981
1121276,1178,30-34,M,2,240123,38,65.67000115,5,4,200.0,2.0455306303889103,0.10526315789473684,16.4175002875
1121277,1178,30-34,M,7,169108,20,32.24000025,2,1,50.0,0.5508684743263921,0.05,32.24000025
1121278,1178,30-34,M,7,1044442,142,245.5999999,22,8,400.0,0.6286644957771436,0.056338028169014086,30.6999999875
1121279,1178,30-34,M,7,93891,11,17.6400001,5,3,150.0,7.503401312338994,0.2727272727272727,5.880000033333334
1121282,1178,30-34,M,7,185823,25,38.54999936,4,1,50.0,0.2970168827520312,0.04,38.54999936
1121284,1178,30-34,M,66,175631,23,40.75999951,1,0,0.0,-1.0,0.0,
1121285,1178,30-34,M,66,37187,4,6.370000005,1,0,0.0,-1.0,0.0,
1121287,1178,30-34,M,66,344618,51,89.76000047,3,1,50.0,-0.44295900469930105,0.0196078431372549,89.76000047
1121289,1178,35-39,M,10,98066,9,16.1500001,1,0,0.0,-1.0,0.0,
1121290,1178,35-39,M,10,770749,100,189.1299984,13,3,150.0,-0.206894721784125,0.03,63.0433328
1121291,1178,35-39,M,10,52553,5,8.529999852,1,0,0.0,-1.0,0.0,
1121292,1178,35-39,M,10,362296,39,67.77000129,7,3,150.0,1.2133687051018796,0.07692307692307693,22.59000043
1121293,1178,35-39,M,10,427729,50,96.8999989,4,1,50.0,-0.48400412210943794,0.02,96.8999989
1121296,1178,35-39,M,15,180351,21,37.13000011,1,1,50.0,0.3466199798511125,0.047619047619047616,37.13000011
1121297,1178,35-39,M,15,187329,29,53.15999961,2,1,50.0,-0.05944318346845074,0.034482758620689655,53.15999961
1121300,1178,35-39,M,15,782894,118,192.9299995,5,2,100.0,-0.48167729093888273,0.01694915254237288,96.46499975
1121302,1178,35-39,M,16,1206533,128,236.1199988,17,6,300.0,0.270540409641913,0.046875,39.35333313333333
1121303,1178,35-39,M,16,84494,7,12.57000017,2,0,0.0,-1.0,0.0,
1121304,1178,35-39,M,16,94257,7,12.5800004,1,1,50.0,2.9745626717150184,0.14285714285714285,12.5800004
1121309,1178,35-39,M,18,131060,16,28.04999959,2,1,50.0,0.7825312203507238,0.0625,28.04999959
1121310,1178,35-39,M,18,341603,50,83.48000121,4,2,100.0,0.19789169322653394,0.04,41.740000605
1121311,1178,35-39,M,18,140749,19,30.4799999,1,1,50.0,0.6404199528885169,0.05263157894736842,30.4799999
1121312,1178,35-39,M,18,102525,13,20.29999983,2,1,50.0,1.4630542078186806,0.07692307692307693,20.29999983
1121316,1178,35-39,M,19,447952,68,131.5799983,8,1,50.0,-0.6200030350661587,0.014705882352941176,131.5799983
1121317,1178,35-39,M,19,76355,9,14.62999988,2,0,0.0,-1.0,0.0,
1121319,1178,35-39,M,20,256598,38,64.46999931,6,1,50.0,-0.2244454702166493,0.02631578947368421,64.46999931
1121321,1178,35-39,M,20,127476,21,30.15000057,3,2,100.0,2.3167495227015844,0.09523809523809523,15.075000285
1121322,1178,35-39,M,20,237603,37,62.25000024,5,2,100.0,0.6064256966177966,0.05405405405405406,31.12500012
1121327,1178,35-39,M,21,271091,42,78.03999984,3,1,50.0,-0.35930292026510074,0.023809523809523808,78.03999984
1121330,1178,35-39,M,21,21743,2,3.400000095,1,0,0.0,-1.0,0.0,
1121333,1178,35-39,M,22,88970,10,14.8300004,2,0,0.0,-1.0,0.0,
1121334,1178,35-39,M,22,108362,13,22.42999983,1,1,50.0,1.229157395406008,0.07692307692307693,22.42999983
1121335,1178,35-39,M,22,188596,27,44.14000034,3,0,0.0,-1.0,0.0,
1121336,1178,35-39,M,22,275080,43,69.65999997,4,3,150.0,1.153316107731833,0.06976744186046512,23.21999999
1121337,1178,35-39,M,23,64647,10,16.26999998,1,0,0.0,-1.0,0.0,
1121338,1178,35-39,M,23,31265,4,5.789999902,1,0,0.0,-1.0,0.0,
1121340,1178,35-39,M,23,140147,24,42.08000016,2,0,0.0,-1.0,0.0,
1121341,1178,35-39,M,23,223120,40,67.66999984,1,0,0.0,-1.0,0.0,
1121342,1178,35-39,M,23,104869,18,34.07000089,1,0,0.0,-1.0,0.0,
1121344,1178,35-39,M,24,165177,23,41.71999967,4,1,50.0,0.1984659730463512,0.043478260869565216,41.71999967
1121345,1178,35-39,M,24,84194,11,19.56999981,1,0,0.0,-1.0,0.0,
1121347,1178,35-39,M,24,220581,31,57.37,1,1,50.0,-0.1284643541920864,0.03225806451612903,57.37
1121350,1178,35-39,M,25,75804,10,17.36999965,2,1,50.0,1.8785262525897635,0.1,17.36999965
1121352,1178,35-39,M,25,368986,59,100.289999,0,0,0.0,-1.0,0.0,
1121353,1178,35-39,M,25,28194,3,3.709999919,2,0,0.0,-1.0,0.0,
1121355,1178,35-39,M,26,99961,14,23.2099998,1,0,0.0,-1.0,0.0,
1121361,1178,35-39,M,27,685781,103,177.8899992,10,1,50.0,-0.7189274257976387,0.009708737864077669,177.8899992
1121364,1178,35-39,M,27,274222,43,66.7700001,2,1,50.0,-0.2511607020351046,0.023255813953488372,66.7700001
1121365,1178,35-39,M,27,110503,25,32.67999995,4,0,0.0,-1.0,0.0,
1121367,1178,35-39,M,28,1447755,233,420.5799983,11,8,400.0,-0.04893242280466289,0.034334763948497854,52.5724997875
1121368,1178,35-39,M,28,358987,52,87.55000067,1,0,0.0,-1.0,0.0,
1121369,1178,35-39,M,28,826205,125,232.3700008,5,1,50.0,-0.7848259249134538,0.008,232.3700008
1121370,1178,35-39,M,28,550954,84,150.1400012,3,0,0.0,-1.0,0.0,
1121372,1178,35-39,M,28,378350,55,96.48000073,4,0,0.0,-1.0,0.0,
1121373,1178,35-39,M,29,492784,56,95.5100013,7,4,200.0,1.094021539920134,0.07142857142857142,23.877500325
1121374,1178,35-39,M,29,327158,43,72.3100003,6,2,100.0,0.38293458145650155,0.046511627906976744,36.15500015
1121377,1178,35-39,M,29,59390,5,9.209999919,5,3,150.0,15.28664509437766,0.6,3.069999973
1121378,1178,35-39,M,29,1040330,147,254.2500038,13,2,100.0,-0.6066863382284834,0.013605442176870748,127.1250019
1121379,1178,35-39,M,30,49422,6,11.17000031,1,0,0.0,-1.0,0.0,
1121380,1178,35-39,M,30,131091,18,34.23000026,3,1,50.0,0.46070697108431763,0.05555555555555555,34.23000026
1121381,1178,35-39,M,30,95691,15,25.26000011,1,1,50.0,0.979414084808569,0.06666666666666667,25.26000011
1121390,1178,35-39,M,31,15513,1,1.289999962,1,0,0.0,-1.0,0.0,
1121391,1178,35-39,M,32,382537,63,113.9900012,4,3,150.0,0.3159048900860965,0.047619047619047616,37.99666706666667
1121394,1178,35-39,M,32,461356,64,121.0999982,6,3,150.0,0.23864576572718726,0.046875,40.36666606666667
1121395,1178,35-39,M,32,392541,53,98.70000017,3,2,100.0,0.013171224192106345,0.03773584905660377,49.350000085
1121398,1178,35-39,M,36,35088,5,8.800000072,1,1,50.0,4.681818135330579,0.2,8.800000072
1121400,1178,35-39,M,36,53933,6,9.929999948,3,1,50.0,4.035246753457485,0.16666666666666666,9.929999948
1121403,1178,35-39,M,63,228861,33,53.38999939,4,2,100.0,0.8730099483524268,0.06060606060606061,26.694999695
1121405,1178,35-39,M,63,20959,2,3.769999981,1,1,50.0,12.26259953633671,0.5,3.769999981
1121410,1178,35-39,M,64,24992,2,3.190000057,1,0,0.0,-1.0,0.0,
1121411,1178,35-39,M,64,100351,15,24.17999995,2,1,50.0,1.0678246527457087,0.06666666666666667,24.17999995
1121412,1178,35-39,M,64,292448,43,76.89999968,2,1,50.0,-0.34980493877682156,0.023255813953488372,76.89999968
1121413,1178,35-39,M,64,65060,7,14.5200001,1,1,50.0,2.4435261470831526,0.14285714285714285,14.5200001
1121414,1178,35-39,M,64,133316,21,36.17000055,2,0,0.0,-1.0,0.0,
1121415,1178,35-39,M,65,113501,26,38.44000077,5,4,200.0,4.202913527413023,0.15384615384615385,9.6100001925
1121418,1178,35-39,M,65,192810,41,61.92999995,4,3,150.0,1.4220894577927414,0.07317073170731707,20.643333316666666
1121421,1178,35-39,M,2,233404,43,70.4100008,2,1,50.0,-0.28987360556882713,0.023255813953488372,70.4100008
1121422,1178,35-39,M,2,128843,24,37.5999999,2,0,0.0,-1.0,0.0,
1121423,1178,35-39,M,2,63564,12,20.59000027,2,0,0.0,-1.0,0.0,
1121425,1178,35-39,M,2,85970,14,24.78000021,1,1,50.0,1.0177562379447613,0.07142857142857142,24.78000021
1121428,1178,35-39,M,7,131232,16,29.53999937,1,1,50.0,0.6926202121310336,0.0625,29.53999937
1121429,1178,35-39,M,7,152454,22,37.84999979,1,1,50.0,0.32100397034110534,0.045454545454545456,37.84999979
1121430,1178,35-39,M,7,28989,2,2.290000021,1,0,0.0,-1.0,0.0,
1121433,1178,35-39,M,66,80248,15,24.1900003,1,1,50.0,1.06696979660641,0.06666666666666667,24.1900003
1121437,1178,35-39,M,66,38580,5,8.519999981,1,0,0.0,-1.0,0.0,
1121439,1178,40-44,M,10,621591,91,163.36,5,1,50.0,-0.6939275220372184,0.01098901098901099,163.36
1121440,1178,40-44,M,10,250499,36,58.14000005,3,1,50.0,-0.14000688068454856,0.027777777777777776,58.14000005
1121442,1178,40-44,M,10,131637,18,29.30999982,2,1,50.0,0.7059024328578108,0.05555555555555555,29.30999982
1121443,1178,40-44,M,10,463813,69,116.3399996,4,2,100.0,-0.14045040103300807,0.028985507246376812,58.1699998
1121444,1178,40-44,M,10,211767,35,60.89999914,5,1,50.0,-0.17898192600861174,0.02857142857142857,60.89999914
1121446,1178,40-44,M,15,163181,26,40.02000093,1,1,50.0,0.24937528331036943,0.038461538461538464,40.02000093
1121451,1178,40-44,M,16,1117385,147,260.0699984,11,2,100.0,-0.6154881354434614,0.013605442176870748,130.0349992
1121452,1178,40-44,M,16,1663441,205,359.4700001,17,6,300.0,-0.16543800618537344,0.02926829268292683,59.91166668333333
1121453,1178,40-44,M,16,455248,54,105.7099996,5,2,100.0,-0.05401569975977943,0.037037037037037035,52.8549998
1121454,1178,40-44,M,16,75589,6,10.66000009,1,1,50.0,3.6904314800995466,0.16666666666666666,10.66000009
1121455,1178,40-44,M,16,594267,82,143.3000009,3,2,100.0,-0.30216329817203785,0.024390243902439025,71.65000045
1121456,1178,40-44,M,16,315281,35,65.02999854,1,0,0.0,-1.0,0.0,
1121464,1178,40-44,M,19,363456,71,117.5599997,7,1,50.0,-0.5746852660122965,0.014084507042253521,117.5599997
1121466,1178,40-44,M,19,438983,81,143.4300001,3,1,50.0,-0.6513978946863292,0.012345679012345678,143.4300001
1121467,1178,40-44,M,19,42563,5,9.659999847,1,1,50.0,4.175983518832865,0.2,9.659999847
1121469,1178,40-44,M,20,399035,75,124.7999995,7,3,150.0,0.2019230817384739,0.04,41.599999833333335
1121471,1178,40-44,M,20,304680,59,98.55000019,3,0,0.0,-1.0,0.0,
1121472,1178,40-44,M,20,140596,23,40.77000022,1,0,0.0,-1.0,0.0,
1121473,1178,40-44,M,20,439986,80,134.8799999,4,3,150.0,0.11209964495262428,0.0375,44.959999966666665
1121474,1178,40-44,M,20,75803,11,19.3599999,2,2,100.0,4.165289282878561,0.18181818181818182,9.67999995
1121481,1178,40-44,M,22,153586,28,43.01000035,2,0,0.0,-1.0,0.0,
1121482,1178,40-44,M,22,180815,31,42.62999976,1,0,0.0,-1.0,0.0,
1121483,1178,40-44,M,22,253169,51,75.78999984,1,0,0.0,-1.0,0.0,
1121484,1178,40-44,M,22,34453,5,7.710000038,1,1,50.0,5.485084274133176,0.2,7.710000038
1121487,1178,40-44,M,23,51550,8,14.03999984,1,0,0.0,-1.0,0.0,
1121489,1178,40-44,M,23,110018,24,39.85999966,1,0,0.0,-1.0,0.0,
1121493,1178,40-44,M,24,137584,21,36.77999961,1,0,0.0,-1.0,0.0,
1121497,1178,40-44,M,24,209825,30,54.86999953,1,0,0.0,-1.0,0.0,
1121499,1178,40-44,M,25,264222,63,87.7899996,1,1,50.0,-0.43045904741068025,0.015873015873015872,87.7899996
1121510,1178,40-44,M,26,31202,5,6.730000019,1,0,0.0,-1.0,0.0,
1121511,1178,40-44,M,27,252991,49,76.83999932,3,0,0.0,-1.0,0.0,
1121514,1178,40-44,M,27,56265,9,15.53999972,1,0,0.0,-1.0,0.0,
1121523,1178,40-44,M,29,76923,11,17.67000008,2,2,100.0,4.659309538610936,0.18181818181818182,8.83500004
1121524,1178,40-44,M,29,209332,30,49.60000014,3,1,50.0,0.008064513283688898,0.03333333333333333,49.60000014
1121525,1178,40-44,M,29,214094,31,53.26999903,1,0,0.0,-1.0,0.0,
1121526,1178,40-44,M,29,526209,85,126.9299996,3,2,100.0,-0.21216418250110827,0.023529411764705882,63.4649998
1121527,1178,40-44,M,29,741143,120,179.620001,4,1,50.0,-0.7216345634025467,0.008333333333333333,179.620001
1121528,1178,40-44,M,29,172827,25,38.42000043,2,0,0.0,-1.0,0.0,
1121530,1178,40-44,M,30,188873,38,58.5999999,1,1,50.0,-0.14675767772484247,0.02631578947368421,58.5999999
1121532,1178,40-44,M,30,123126,25,39.72999978,2,1,50.0,0.2584948471399161,0.04,39.72999978
1121535,1178,40-44,M,31,77794,14,19.11000001,1,1,50.0,1.616431186490617,0.07142857142857142,19.11000001
1121541,1178,40-44,M,32,56630,9,15.81000018,1,1,50.0,2.1625553087122102,0.1111111111111111,15.81000018
1121544,1178,40-44,M,32,400844,85,140.9700022,4,2,100.0,-0.2906292229596064,0.023529411764705882,70.4850011
1121545,1178,40-44,M,32,208572,36,60.76000023,2,1,50.0,-0.17709019403010628,0.027777777777777776,60.76000023
1121548,1178,40-44,M,36,59004,8,13.51000011,1,0,0.0,-1.0,0.0,
1121551,1178,40-44,M,36,196253,32,55.10000002,1,0,0.0,-1.0,0.0,
1121554,1178,40-44,M,63,51858,8,12.63000011,1,1,50.0,2.9588281523775857,0.125,12.63000011
1121557,1178,40-44,M,63,280764,49,81.36000025,2,1,50.0,-0.3854473961853263,0.02040816326530612,81.36000025
1121561,1178,40-44,M,64,63660,11,16.47000003,1,1,50.0,2.0358227024241233,0.09090909090909091,16.47000003
1121562,1178,40-44,M,64,109289,19,31.02999997,1,0,0.0,-1.0,0.0,
1121568,1178,40-44,M,65,188440,40,60.72999966,2,1,50.0,-0.17668367726119624,0.025,60.72999966
1121571,1178,40-44,M,2,212496,44,74.83000135,2,1,50.0,-0.33181880131023145,0.022727272727272728,74.83000135
1121572,1178,40-44,M,2,32574,5,7.480000019,1,0,0.0,-1.0,0.0,
1121575,1178,40-44,M,2,128595,23,36.4800005,1,1,50.0,0.3706140163018911,0.043478260869565216,36.4800005
1121577,1178,40-44,M,7,242234,48,68.06000054,2,0,0.0,-1.0,0.0,
1121584,1178,40-44,M,66,33154,5,7.879999995,1,1,50.0,5.345177669000747,0.2,7.879999995
1121585,1178,40-44,M,66,9773,1,1.460000038,1,0,0.0,-1.0,0.0,
1121589,1178,45-49,M,10,464036,77,123.5500004,3,1,50.0,-0.5953055456242637,0.012987012987012988,123.5500004
1121590,1178,45-49,M,10,478480,75,135.7500012,3,1,50.0,-0.6316758780257014,0.013333333333333334,135.7500012
1121592,1178,45-49,M,10,428812,66,116.8800001,4,2,100.0,-0.14442162975323272,0.030303030303030304,58.44000005
1121593,1178,45-49,M,10,1177535,221,365.6600009,15,3,150.0,-0.5897828594027114,0.013574660633484163,121.88666696666667
1121594,1178,45-49,M,10,426500,72,128.2799988,4,1,50.0,-0.6102276234196534,0.013888888888888888,128.2799988
1121597,1178,45-49,M,15,54237,7,10.77999985,2,1,50.0,3.6382189884724356,0.14285714285714285,10.77999985
1121598,1178,45-49,M,15,506916,89,133.6999986,2,2,100.0,-0.25205683584801464,0.02247191011235955,66.8499993
1121599,1178,45-49,M,15,250960,42,64.87999952,2,0,0.0,-1.0,0.0,
1121601,1178,45-49,M,16,2286228,353,603.380002,16,7,350.0,-0.4199343716399802,0.019830028328611898,86.19714314285714
1121602,1178,45-49,M,16,915451,125,220.559999,6,1,50.0,-0.7733043152579993,0.008,220.559999
1121603,1178,45-49,M,16,159478,20,33.89999998,3,1,50.0,0.4749262545574788,0.05,33.89999998
1121605,1178,45-49,M,16,1228924,190,318.9700032,6,3,150.0,-0.5297363435584654,0.015789473684210527,106.32333440000001
1121606,1178,45-49,M,16,938283,134,248.6400001,7,2,100.0,-0.5978120979738529,0.014925373134328358,124.32000005
1121607,1178,45-49,M,18,154572,26,40.93000007,1,1,50.0,0.22159784789856224,0.038461538461538464,40.93000007
1121609,1178,45-49,M,18,378171,70,109.2500008,1,0,0.0,-1.0,0.0,
1121612,1178,45-49,M,18,468749,84,134.1199975,6,1,50.0,-0.6271995158663793,0.011904761904761904,134.1199975
1121613,1178,45-49,M,19,309823,60,103.3899996,4,4,200.0,0.9344230658068404,0.06666666666666667,25.8474999
1121615,1178,45-49,M,19,327227,65,116.5599996,5,0,0.0,-1.0,0.0,
1121616,1178,45-49,M,19,334945,72,120.2999994,2,1,50.0,-0.5843724002545589,0.013888888888888888,120.2999994
1121617,1178,45-49,M,19,68859,15,25.45999968,1,0,0.0,-1.0,0.0,
1121619,1178,45-49,M,20,127125,20,35.67999983,2,0,0.0,-1.0,0.0,
1121620,1178,45-49,M,20,415798,80,131.7800006,3,1,50.0,-0.6205797558631974,0.0125,131.7800006
1121622,1178,45-49,M,20,107671,20,29.91000021,1,1,50.0,0.6716817000650901,0.05,29.91000021
1121623,1178,45-49,M,20,164356,28,46.7900002,2,1,50.0,0.06860439808247742,0.03571428571428571,46.7900002
1121624,1178,45-49,M,20,17662,2,3.189999938,1,0,0.0,-1.0,0.0,
1121627,1178,45-49,M,21,65339,10,16.67999983,2,0,0.0,-1.0,0.0,
1121628,1178,45-49,M,21,59838,7,11.11000013,1,0,0.0,-1.0,0.0,
1121629,1178,45-49,M,21,381577,81,127.5699993,2,0,0.0,-1.0,0.0,
1121635,1178,45-49,M,22,45491,8,11.00999999,1,0,0.0,-1.0,0.0,
1121638,1178,45-49,M,23,18946,2,3.599999905,1,0,0.0,-1.0,0.0,
1121641,1178,45-49,M,23,114370,18,33.65999997,1,0,0.0,-1.0,0.0,
1121642,1178,45-49,M,23,99698,21,33.3499999,1,0,0.0,-1.0,0.0,
1121644,1178,45-49,M,24,355165,81,128.6099997,4,3,150.0,0.16631677435576572,0.037037037037037035,42.8699999
1121650,1178,45-49,M,25,101431,23,33.93000031,1,1,50.0,0.4736221498136498,0.043478260869565216,33.93000031
1121652,1178,45-49,M,25,123151,24,36.4400003,2,1,50.0,0.37211853974655423,0.041666666666666664,36.4400003
1121660,1178,45-49,M,26,24078,4,5.769999981,1,0,0.0,-1.0,0.0,
1121661,1178,45-49,M,27,517801,105,181.7200011,3,0,0.0,-1.0,0.0,
1121662,1178,45-49,M,27,145104,25,41.42000008,2,1,50.0,0.20714630380077967,0.04,41.42000008
1121664,1178,45-49,M,27,179950,35,58.67999971,1,0,0.0,-1.0,0.0,
1121665,1178,45-49,M,27,258531,46,80.33999979,2,0,0.0,-1.0,0.0,
1121666,1178,45-49,M,27,272500,62,104.4599996,3,0,0.0,-1.0,0.0,
1121667,1178,45-49,M,28,273197,57,87.7300005,3,0,0.0,-1.0,0.0,
1121668,1178,45-49,M,28,775904,172,253.990002,4,2,100.0,-0.606283715057414,0.011627906976744186,126.995001
1121669,1178,45-49,M,28,120251,26,39.44000006,1,0,0.0,-1.0,0.0,
1121671,1178,45-49,M,28,139406,24,39.04999948,1,0,0.0,-1.0,0.0,
1121672,1178,45-49,M,28,60314,11,16.93999958,2,1,50.0,1.951593933864785,0.09090909090909091,16.93999958
1121673,1178,45-49,M,29,563074,86,142.7099985,4,2,100.0,-0.299278249239138,0.023255813953488372,71.35499925
1121674,1178,45-49,M,29,168655,18,27.29999983,2,0,0.0,-1.0,0.0,
1121675,1178,45-49,M,29,111963,17,29.3799994,2,1,50.0,0.7018380197788568,0.058823529411764705,29.3799994
1121676,1178,45-49,M,29,1026304,168,277.5799986,17,8,400.0,0.4410260177874357,0.047619047619047616,34.697499825
1121677,1178,45-49,M,29,1391924,258,422.8400038,17,10,500.0,0.18248036019906977,0.03875968992248062,42.284000379999995
1121678,1178,45-49,M,29,147551,22,38.50000083,1,0,0.0,-1.0,0.0,
1121685,1178,45-49,M,31,66794,9,17.3299998,1,1,50.0,1.885170258340107,0.1111111111111111,17.3299998
1121687,1178,45-49,M,31,118882,19,32.30999994,2,1,50.0,0.5475085141705514,0.05263157894736842,32.30999994
1121689,1178,45-49,M,31,148010,24,41.96999943,1,0,0.0,-1.0,0.0,
1121691,1178,45-49,M,32,932890,197,352.4499989,3,1,50.0,-0.8581359053594821,0.005076142131979695,352.4499989
1121692,1178,45-49,M,32,718359,147,264.5899997,4,1,50.0,-0.8110283833225311,0.006802721088435374,264.5899997
1121693,1178,45-49,M,32,433658,82,158.5999998,5,2,100.0,-0.3694829752452497,0.024390243902439025,79.2999999
1121695,1178,45-49,M,32,29455,3,4.769999981,1,0,0.0,-1.0,0.0,
1121701,1178,45-49,M,36,23973,3,4.820000052,1,1,50.0,9.373443871489817,0.3333333333333333,4.820000052
1121705,1178,45-49,M,63,126480,25,37.25999999,1,1,50.0,0.34192163213685506,0.04,37.25999999
1121706,1178,45-49,M,63,138959,28,39.5200007,1,0,0.0,-1.0,0.0,
1121708,1178,45-49,M,63,68829,12,19.47999978,1,0,0.0,-1.0,0.0,
1121711,1178,45-49,M,64,49916,10,16.38,1,1,50.0,2.0525030525030528,0.1,16.38
1121716,1178,45-49,M,65,76014,16,22.67000031,1,1,50.0,1.205557976015749,0.0625,22.67000031
1121723,1178,45-49,M,2,50947,10,15.99000025,1,0,0.0,-1.0,0.0,
1121733,1178,45-49,M,66,55536,11,17.04999995,1,0,0.0,-1.0,0.0,
1121741,1178,30-34,F,10,318042,46,64.40999997,8,4,200.0,2.105107903945866,0.08695652173913043,16.1024999925
1121742,1178,30-34,F,10,213016,30,44.21999955,8,2,100.0,1.2614201948810289,0.06666666666666667,22.109999775
1121745,1178,30-34,F,15,182265,27,38.18000007,2,1,50.0,0.3095861683690144,0.037037037037037035,38.18000007
1121746,1178,30-34,F,15,1117371,177,268.050002,26,5,250.0,-0.06733819013364531,0.02824858757062147,53.610000400000004
1121749,1178,30-34,F,15,333345,52,77.59000027,5,1,50.0,-0.355587062430616,0.019230769230769232,77.59000027
1121751,1178,30-34,F,16,275930,30,46.77999997,5,2,100.0,1.1376656704602388,0.06666666666666667,23.389999985
1121753,1178,30-34,F,16,740631,101,153.1199975,9,1,50.0,-0.6734587198514028,0.009900990099009901,153.1199975
1121754,1178,30-34,F,16,328272,35,55.99000025,2,1,50.0,-0.10698339387844531,0.02857142857142857,55.99000025
1121755,1178,30-34,F,16,178455,20,31.5400002,6,3,150.0,3.7558655373756142,0.15,10.5133334
1121756,1178,30-34,F,16,705712,98,147.339999,6,1,50.0,-0.6606488371158467,0.01020408163265306,147.339999
1121758,1178,30-34,F,18,690373,91,159.5700021,5,2,100.0,-0.3733157944227414,0.02197802197802198,79.78500105
1121759,1178,30-34,F,18,515812,69,117.6299995,3,1,50.0,-0.5749383642563052,0.014492753623188406,117.6299995
1121760,1178,30-34,F,18,764793,101,171.9799976,4,2,100.0,-0.4185370310762232,0.019801980198019802,85.9899988
1121763,1178,30-34,F,19,87832,11,18.10000038,1,1,50.0,1.7624308812307328,0.09090909090909091,18.10000038
1121764,1178,30-34,F,19,23368,3,4.300000191,1,0,0.0,-1.0,0.0,
1121765,1178,30-34,F,19,51509,7,11.57000005,1,0,0.0,-1.0,0.0,
1121767,1178,30-34,F,19,87043,16,24.48000002,2,0,0.0,-1.0,0.0,
1121768,1178,30-34,F,19,565565,113,169.6699982,7,4,200.0,0.17875877952357985,0.035398230088495575,42.41749955
1121769,1178,30-34,F,20,253758,43,62.14000034,4,1,50.0,-0.19536530855448656,0.023255813953488372,62.14000034
1121773,1178,30-34,F,20,319131,51,76.68000025,6,1,50.0,-0.3479394909104738,0.0196078431372549,76.68000025
1121774,1178,30-34,F,20,670608,130,195.1499978,11,3,150.0,-0.2313604832641202,0.023076923076923078,65.04999926666666
1121775,1178,30-34,F,21,159123,25,38.36000013,5,3,150.0,2.910323240137069,0.12,12.78666671
1121776,1178,30-34,F,21,103709,15,24.56999969,3,1,50.0,1.0350020606776817,0.06666666666666667,24.56999969
1121779,1178,30-34,F,21,271589,45,74.41000032,9,3,150.0,1.0158580749217232,0.06666666666666667,24.80333344
1121780,1178,30-34,F,21,119772,20,33.46999907,5,2,100.0,1.9877503070991271,0.1,16.734999535
1121782,1178,30-34,F,22,26340,3,4.220000029,1,1,50.0,10.848341150805238,0.3333333333333333,4.220000029
1121783,1178,30-34,F,22,594968,111,147.6700006,4,0,0.0,-1.0,0.0,
1121793,1178,30-34,F,24,185665,39,62.14000058,1,0,0.0,-1.0,0.0,
1121795,1178,30-34,F,24,24959,3,4.560000062,1,1,50.0,9.964912131617423,0.3333333333333333,4.560000062
1121796,1178,30-34,F,24,136967,23,35.05999982,3,1,50.0,0.42612664736744993,0.043478260869565216,35.05999982
1121798,1178,30-34,F,24,107548,19,29.31000018,1,0,0.0,-1.0,0.0,
1121803,1178,30-34,F,25,588617,119,169.9199973,2,0,0.0,-1.0,0.0,
1121806,1178,30-34,F,26,190560,26,41.63,3,1,50.0,0.2010569300984866,0.038461538461538464,41.63
1121807,1178,30-34,F,26,373110,49,75.70000076,4,2,100.0,0.3210039497494981,0.04081632653061224,37.85000038
1121812,1178,30-34,F,27,935646,170,256.4699982,19,6,300.0,0.1697274617129076,0.03529411764705882,42.7449997
1121814,1178,30-34,F,27,2223278,421,612.3000032,38,13,650.0,0.061571119717413726,0.030878859857482184,47.10000024615385
1121815,1178,30-34,F,27,240497,36,51.84000087,1,0,0.0,-1.0,0.0,
1121816,1178,30-34,F,27,259984,37,54.7900002,5,0,0.0,-1.0,0.0,
1121817,1178,30-34,F,28,606786,127,179.050001,11,3,150.0,-0.1622451875886893,0.023622047244094488,59.68333366666667
1121818,1178,30-34,F,28,83270,13,17.74000001,1,0,0.0,-1.0,0.0,
1121819,1178,30-34,F,28,1189509,268,375.7199963,7,3,150.0,-0.6007665243341748,0.011194029850746268,125.23999876666666
1121820,1178,30-34,F,28,11471,1,1.570000052,0,0,0.0,-1.0,0.0,
1121824,1178,30-34,F,29,1705246,295,429.4799981,23,10,500.0,0.16419857085772865,0.03389830508474576,42.94799981
1121826,1178,30-34,F,29,418016,63,95.8500005,3,1,50.0,-0.4783515937488179,0.015873015873015872,95.8500005
1121827,1178,30-34,F,29,30155,3,3.819999933,1,0,0.0,-1.0,0.0,
1121828,1178,30-34,F,29,990404,153,226.5399992,12,6,300.0,0.32426944936618496,0.0392156862745098,37.75666653333334
1121829,1178,30-34,F,30,187468,34,50.72000062,2,1,50.0,-0.01419559564666268,0.029411764705882353,50.72000062
1121832,1178,30-34,F,30,208301,33,54.57000089,1,0,0.0,-1.0,0.0,
1121833,1178,30-34,F,30,101856,16,25.22000039,4,1,50.0,0.9825534982872378,0.0625,25.22000039
1121835,1178,30-34,F,31,48935,7,9.970000267,1,1,50.0,4.015045001101603,0.14285714285714285,9.970000267
1121839,1178,30-34,F,31,13911,1,1.730000019,1,1,50.0,27.901733786628355,1.0,1.730000019
1121841,1178,30-34,F,32,511726,77,123.0900019,8,4,200.0,0.6248273370121704,0.05194805194805195,30.772500475
1121843,1178,30-34,F,32,177452,24,37.83000016,2,0,0.0,-1.0,0.0,
1121844,1178,30-34,F,32,149808,20,33.03999937,1,1,50.0,0.5133172201389181,0.05,33.03999937
1121845,1178,30-34,F,32,390339,60,105.0199997,9,6,300.0,1.8565987512567095,0.1,17.503333283333333
1121847,1178,30-34,F,36,39339,4,5.929999948,1,0,0.0,-1.0,0.0,
1121855,1178,30-34,F,63,24893,2,3.75,1,0,0.0,-1.0,0.0,
1121856,1178,30-34,F,63,1296189,212,343.2599944,14,4,200.0,-0.4173512694085157,0.018867924528301886,85.8149986
1121857,1178,30-34,F,63,91607,12,19.1899997,2,1,50.0,1.6055237509982867,0.08333333333333333,19.1899997
1121859,1178,30-34,F,64,238036,38,61.02999771,6,3,150.0,1.4578077278122183,0.07894736842105263,20.34333257
1121860,1178,30-34,F,64,254344,35,56.16999996,2,1,50.0,-0.10984511241577004,0.02857142857142857,56.16999996
1121861,1178,30-34,F,64,157705,23,39.23000026,2,0,0.0,-1.0,0.0,
1121862,1178,30-34,F,64,411571,60,99.1799984,6,1,50.0,-0.49586609390386926,0.016666666666666666,99.1799984
1121863,1178,30-34,F,64,94136,11,16.17999971,1,0,0.0,-1.0,0.0,
1121867,1178,30-34,F,65,82640,16,23.97000039,1,1,50.0,1.0859407253434759,0.0625,23.97000039
1121869,1178,30-34,F,65,17870,2,2.620000005,1,1,50.0,18.083969429229064,0.5,2.620000005
1121871,1178,30-34,F,2,19178,2,2.779999971,1,1,50.0,16.985611698411056,0.5,2.779999971
1121874,1178,30-34,F,2,145548,28,42.37000036,2,1,50.0,0.18008023543004759,0.03571428571428571,42.37000036
1121876,1178,30-34,F,2,82455,15,22.04999971,1,0,0.0,-1.0,0.0,
1121877,1178,30-34,F,7,44189,7,10.31999981,2,0,0.0,-1.0,0.0,
1121878,1178,30-34,F,7,45199,7,9.809999943,1,0,0.0,-1.0,0.0,
1121881,1178,30-34,F,7,221843,43,63.45000076,5,0,0.0,-1.0,0.0,
1121888,1178,30-34,F,66,41672,6,10.54999995,2,1,50.0,3.7393365153523055,0.16666666666666666,10.54999995
1121889,1178,35-39,F,10,127546,25,38.94000041,2,0,0.0,-1.0,0.0,
1121890,1178,35-39,F,10,127865,28,38.02999961,3,1,50.0,0.314751525447097,0.03571428571428571,38.02999961
1121891,1178,35-39,F,10,1025327,229,314.2999983,16,2,100.0,-0.6818326422498107,0.008733624454148471,157.14999915
1121894,1178,35-39,F,10,561415,124,173.76,3,0,0.0,-1.0,0.0,
1121895,1178,35-39,F,15,132803,25,37.32000124,2,1,50.0,0.33976415698532797,0.04,37.32000124
1121897,1178,35-39,F,15,24664,2,2.629999995,1,1,50.0,18.011406880249822,0.5,2.629999995
1121901,1178,35-39,F,16,1020561,172,263.8100007,7,3,150.0,-0.4314089700845825,0.01744186046511628,87.93666689999999
1121902,1178,35-39,F,16,682143,114,177.1099993,6,2,100.0,-0.43537914067396194,0.017543859649122806,88.55499965
1121903,1178,35-39,F,16,1247717,222,343.4199994,11,4,200.0,-0.4176227349908964,0.018018018018018018,85.85499985
1121904,1178,35-39,F,16,146406,23,33.22999942,1,1,50.0,0.504664486088035,0.043478260869565216,33.22999942
1121905,1178,35-39,F,16,905699,161,234.6599982,4,1,50.0,-0.7869257633020812,0.006211180124223602,234.6599982
1121906,1178,35-39,F,16,1184580,194,297.8299981,14,3,150.0,-0.4963569789580575,0.015463917525773196,99.27666603333334
1121907,1178,35-39,F,18,98057,20,31.00999963,1,1,50.0,0.6123831214634555,0.05,31.00999963
1121917,1178,35-39,F,19,238735,56,84.65999889,4,1,50.0,-0.4094023073994396,0.017857142857142856,84.65999889
1121918,1178,35-39,F,19,320657,77,115.8800026,2,0,0.0,-1.0,0.0,
1121925,1178,35-39,F,21,244074,57,84.51000023,4,2,100.0,0.18329191489578578,0.03508771929824561,42.255000115
1121928,1178,35-39,F,21,39146,8,13.05999959,1,0,0.0,-1.0,0.0,
1121931,1178,35-39,F,22,78468,15,23.64999962,1,0,0.0,-1.0,0.0,
1121933,1178,35-39,F,22,325653,63,89.35000026,2,0,0.0,-1.0,0.0,
1121935,1178,35-39,F,22,66277,12,17.30000019,1,0,0.0,-1.0,0.0,
1121936,1178,35-39,F,22,93002,16,23.33999968,1,0,0.0,-1.0,0.0,
1121944,1178,35-39,F,24,109723,27,40.9600004,1,0,0.0,-1.0,0.0,
1121948,1178,35-39,F,24,118941,35,50.11000001,4,1,50.0,-0.002195170823748724,0.02857142857142857,50.11000001
1121949,1178,35-39,F,25,221576,47,66.79000068,6,1,50.0,-0.2513849454867232,0.02127659574468085,66.79000068
1121953,1178,35-39,F,25,8341,1,1.639999986,1,0,0.0,-1.0,0.0,
1121954,1178,35-39,F,25,120335,26,36.2299993,2,0,0.0,-1.0,0.0,
1121955,1178,35-39,F,26,182098,40,62.86999989,1,1,50.0,-0.20470812649145692,0.025,62.86999989
1121956,1178,35-39,F,26,227473,52,71.58000052,1,1,50.0,-0.3014808656500412,0.019230769230769232,71.58000052
1121962,1178,35-39,F,27,1050947,230,350.5099957,6,1,50.0,-0.8573507157758925,0.004347826086956522,350.5099957
1121963,1178,35-39,F,27,720859,162,213.6899986,13,5,250.0,0.16991904926710036,0.030864197530864196,42.73799972
1121971,1178,35-39,F,28,41111,8,10.96000016,1,0,0.0,-1.0,0.0,
1121973,1178,35-39,F,29,148616,25,37.39999962,6,4,200.0,4.3475936372215385,0.16,9.349999905
1121976,1178,35-39,F,29,707260,135,210.8200028,13,6,300.0,0.42301487532282683,0.044444444444444446,35.13666713333333
1121977,1178,35-39,F,29,139596,26,42.41000032,1,1,50.0,0.17896721581538527,0.038461538461538464,42.41000032
1121983,1178,35-39,F,30,105399,22,33.19999933,2,0,0.0,-1.0,0.0,
1121994,1178,35-39,F,32,222378,50,72.91000104,1,0,0.0,-1.0,0.0,
1122003,1178,35-39,F,63,975792,210,293.8800011,10,4,200.0,-0.31945011824079517,0.01904761904761905,73.470000275
1122004,1178,35-39,F,63,579150,125,167.0499997,5,1,50.0,-0.7006884161041995,0.008,167.0499997
1122005,1178,35-39,F,63,449588,81,123.800001,5,2,100.0,-0.19224556387523772,0.024691358024691357,61.9000005
1122006,1178,35-39,F,63,318157,56,85.70000196,3,0,0.0,-1.0,0.0,
1122007,1178,35-39,F,63,196967,43,65.17999971,2,1,50.0,-0.23289352220833268,0.023255813953488372,65.17999971
1122011,1178,35-39,F,64,158298,37,46.43000007,4,1,50.0,0.07688994022437445,0.02702702702702703,46.43000007
1122012,1178,35-39,F,64,222739,55,68.55999959,5,2,100.0,0.4585764381274261,0.03636363636363636,34.279999795
1122022,1178,35-39,F,2,20780,5,8.189999938,1,0,0.0,-1.0,0.0,
1122027,1178,35-39,F,7,128616,33,48.54999948,2,0,0.0,-1.0,0.0,
1122039,1178,40-44,F,10,258954,61,82.27999902,1,0,0.0,-1.0,0.0,
1122040,1178,40-44,F,10,205289,48,71.53000104,3,0,0.0,-1.0,0.0,
1122041,1178,40-44,F,10,611601,138,191.419996,8,3,150.0,-0.2163828067366588,0.021739130434782608,63.806665333333335
1122043,1178,40-44,F,10,947657,233,321.8700004,8,4,200.0,-0.37863112513917896,0.017167381974248927,80.4675001
1122044,1178,40-44,F,10,233043,49,65.03000033,2,0,0.0,-1.0,0.0,
1122047,1178,40-44,F,15,582725,142,194.8099988,9,2,100.0,-0.48667932541458436,0.014084507042253521,97.4049994
1122052,1178,40-44,F,16,265038,51,78.45999932,2,1,50.0,-0.3627325970769585,0.0196078431372549,78.45999932
1122054,1178,40-44,F,16,222273,39,53.62999868,6,1,50.0,-0.06768597369654084,0.02564102564102564,53.62999868
1122055,1178,40-44,F,16,797234,170,243.7699978,4,1,50.0,-0.7948886226720063,0.0058823529411764705,243.7699978
1122056,1178,40-44,F,16,925555,182,262.8899981,4,2,100.0,-0.6196127630463854,0.01098901098901099,131.44499905
1122058,1178,40-44,F,18,22210,3,4.050000191,1,1,50.0,11.345678430117388,0.3333333333333333,4.050000191
1122075,1178,40-44,F,21,46391,11,16.40999985,3,1,50.0,2.0469226360169652,0.09090909090909091,16.40999985
1122078,1178,40-44,F,21,190477,42,66.38999987,1,0,0.0,-1.0,0.0,
1122079,1178,40-44,F,21,25382,7,9.609999895,1,0,0.0,-1.0,0.0,
1122085,1178,40-44,F,22,65726,17,22.12000012,2,0,0.0,-1.0,0.0,
1122089,1178,40-44,F,23,195220,51,78.06000042,1,0,0.0,-1.0,0.0,
1122092,1178,40-44,F,23,107501,27,40.87999928,2,2,100.0,1.4461839961167435,0.07407407407407407,20.43999964
1122101,1178,40-44,F,25,197772,63,88.21000016,7,2,100.0,0.13365831332745337,0.031746031746031744,44.10500008
1122102,1178,40-44,F,25,138154,35,48.93999863,1,0,0.0,-1.0,0.0,
1122103,1178,40-44,F,25,270124,69,95.84999895,2,0,0.0,-1.0,0.0,
1122105,1178,40-44,F,26,303971,77,106.9299998,11,6,300.0,1.8055737450772908,0.07792207792207792,17.821666633333333
1122107,1178,40-44,F,26,682046,183,254.419997,4,2,100.0,-0.6069491345839455,0.01092896174863388,127.2099985
1122109,1178,40-44,F,26,328365,83,117.3400005,2,1,50.0,-0.5738878490971201,0.012048192771084338,117.3400005
1122112,1178,40-44,F,27,1083259,276,390.2599992,11,0,0.0,-1.0,0.0,
1122113,1178,40-44,F,27,913929,245,340.4099993,7,2,100.0,-0.7062365964406616,0.00816326530612245,170.20499965
1122118,1178,40-44,F,28,101586,24,33.47000039,2,1,50.0,0.49387509463366325,0.041666666666666664,33.47000039
1122120,1178,40-44,F,28,181053,46,66.27999985,3,1,50.0,-0.24562462110506472,0.021739130434782608,66.27999985
1122121,1178,40-44,F,28,133419,35,48.18000007,2,1,50.0,0.03777500886998238,0.02857142857142857,48.18000007
1122125,1178,40-44,F,29,489573,113,156.1199993,3,2,100.0,-0.3594670737357606,0.017699115044247787,78.05999965
1122127,1178,40-44,F,29,822023,194,288.3300035,6,0,0.0,-1.0,0.0,
1122131,1178,40-44,F,30,93176,29,40.37000024,1,1,50.0,0.23854346551274622,0.034482758620689655,40.37000024
1122138,1178,40-44,F,31,47229,13,19.27999985,1,0,0.0,-1.0,0.0,
1122139,1178,40-44,F,31,92263,24,34.03000015,1,0,0.0,-1.0,0.0,
1122140,1178,40-44,F,31,81551,21,29.67000008,1,0,0.0,-1.0,0.0,
1122145,1178,40-44,F,32,141037,32,47.78999913,3,0,0.0,-1.0,0.0,
1122146,1178,40-44,F,32,319501,79,111.6500003,0,0,0.0,-1.0,0.0,
1122149,1178,40-44,F,36,72741,19,24.33000016,2,0,0.0,-1.0,0.0,
1122154,1178,40-44,F,63,597419,135,188.5100002,2,1,50.0,-0.7347620818685884,0.007407407407407408,188.5100002
1122157,1178,40-44,F,63,98768,21,33.14000034,1,1,50.0,0.5087507388963413,0.047619047619047616,33.14000034
1122160,1178,40-44,F,64,173165,41,59.85000026,1,0,0.0,-1.0,0.0,
1122165,1178,40-44,F,65,55823,13,21.10999966,1,1,50.0,1.36854575108032,0.07692307692307693,21.10999966
1122166,1178,40-44,F,65,118451,28,38.35000062,4,1,50.0,0.3037809437198386,0.03571428571428571,38.35000062
1122176,1178,40-44,F,2,74424,22,30.84000027,1,1,50.0,0.6212710623299874,0.045454545454545456,30.84000027
1122177,1178,40-44,F,7,47929,12,14.58999991,1,1,50.0,2.4270048189465685,0.08333333333333333,14.58999991
1122182,1178,40-44,F,7,40801,12,15.91999972,0,0,0.0,-1.0,0.0,
1122183,1178,40-44,F,66,66017,17,24.22000015,1,0,0.0,-1.0,0.0,
1122189,1178,45-49,F,10,725043,179,238.4000007,5,3,150.0,-0.3708053709749842,0.01675977653631285,79.46666689999999
1122191,1178,45-49,F,10,382776,97,132.7300007,5,1,50.0,-0.6232954137248038,0.010309278350515464,132.7300007
1122192,1178,45-49,F,10,548250,137,201.6000042,5,1,50.0,-0.7519841321511243,0.0072992700729927005,201.6000042
1122193,1178,45-49,F,10,1358324,346,465.0799981,8,2,100.0,-0.7849832278134259,0.005780346820809248,232.53999905
1122197,1178,45-49,F,15,662249,163,234.9399992,2,0,0.0,-1.0,0.0,
1122200,1178,45-49,F,15,559554,139,195.0799994,2,0,0.0,-1.0,0.0,
1122201,1178,45-49,F,16,320757,68,104.6899989,2,0,0.0,-1.0,0.0,
1122202,1178,45-49,F,16,906151,202,295.5499957,1,0,0.0,-1.0,0.0,
1122203,1178,45-49,F,16,699314,164,226.0300014,3,0,0.0,-1.0,0.0,
1122204,1178,45-49,F,16,850337,198,287.690003,3,1,50.0,-0.8262018162654057,0.005050505050505051,287.690003
1122205,1178,45-49,F,16,1015460,247,315.9000051,9,2,100.0,-0.6834441329991608,0.008097165991902834,157.95000255
1122209,1178,45-49,F,18,890295,227,332.9899989,1,0,0.0,-1.0,0.0,
1122210,1178,45-49,F,18,791817,194,282.490001,4,2,100.0,-0.6460051695776658,0.010309278350515464,141.2450005
1122211,1178,45-49,F,18,317601,76,115.6600008,1,0,0.0,-1.0,0.0,
1122212,1178,45-49,F,18,685211,164,247.3200026,4,3,150.0,-0.393498308171213,0.018292682926829267,82.44000086666667
1122213,1178,45-49,F,19,32781,7,11.20000017,2,2,100.0,7.928571293048472,0.2857142857142857,5.600000085
1122216,1178,45-49,F,19,76785,19,25.45999998,3,0,0.0,-1.0,0.0,
1122217,1178,45-49,F,19,719083,206,299.5299983,12,5,250.0,-0.16535905779424562,0.024271844660194174,59.90599966
1122223,1178,45-49,F,20,368480,107,140.4200011,5,4,200.0,0.42429852181506633,0.037383177570093455,35.105000275
1122224,1178,45-49,F,20,260945,73,100.8800011,2,2,100.0,-0.008723246336284995,0.0273972602739726,50.44000055
1122225,1178,45-49,F,21,40998,10,13.35000038,1,0,0.0,-1.0,0.0,
1122227,1178,45-49,F,21,183293,53,73.74999964,2,1,50.0,-0.32203389499569085,0.018867924528301886,73.74999964
1122232,1178,45-49,F,22,221561,55,76.75999916,1,0,0.0,-1.0,0.0,
1122233,1178,45-49,F,22,436943,109,145.8199974,1,1,50.0,-0.6571115012240427,0.009174311926605505,145.8199974
1122240,1178,45-49,F,23,284488,90,125.2700011,1,1,50.0,-0.6008621412872327,0.011111111111111112,125.2700011
1122244,1178,45-49,F,24,85083,32,38.62999976,1,1,50.0,0.2943308390017967,0.03125,38.62999976
1122246,1178,45-49,F,24,14167,5,7.139999986,1,0,0.0,-1.0,0.0,
1122249,1178,45-49,F,25,300637,84,116.9899981,2,0,0.0,-1.0,0.0,
1122253,1178,45-49,F,25,449921,129,175.9700005,5,1,50.0,-0.7158606588740676,0.007751937984496124,175.9700005
1122254,1178,45-49,F,25,282899,71,105.6600007,1,0,0.0,-1.0,0.0,
1122257,1178,45-49,F,26,669671,186,259.1799988,4,1,50.0,-0.8070838790358078,0.005376344086021506,259.1799988
1122258,1178,45-49,F,26,108655,28,46.92000186,1,0,0.0,-1.0,0.0,
1122260,1178,45-49,F,26,536248,146,187.7399978,3,0,0.0,-1.0,0.0,
1122262,1178,45-49,F,27,1055017,265,380.6599952,16,2,100.0,-0.7372983731913839,0.007547169811320755,190.3299976
1122265,1178,45-49,F,27,1428421,367,541.7000023,10,0,0.0,-1.0,0.0,
1122266,1178,45-49,F,27,1088027,272,409.5600026,9,4,200.0,-0.511671064727159,0.014705882352941176,102.39000065
1122267,1178,45-49,F,28,288517,78,102.3900002,3,0,0.0,-1.0,0.0,
1122268,1178,45-49,F,28,202231,53,67.13000107,3,1,50.0,-0.25517653503591703,0.018867924528301886,67.13000107
1122270,1178,45-49,F,28,73222,16,22.86000025,1,0,0.0,-1.0,0.0,
1122271,1178,45-49,F,28,348542,96,134.889999,2,0,0.0,-1.0,0.0,
1122273,1178,45-49,F,29,1097966,266,369.069997,16,8,400.0,0.08380524900808992,0.03007518796992481,46.133749625
1122274,1178,45-49,F,29,526923,138,198.0899972,2,1,50.0,-0.7475894759616868,0.007246376811594203,198.0899972
1122276,1178,45-49,F,29,264386,66,91.00000054,4,1,50.0,-0.45054945380992634,0.015151515151515152,91.00000054
1122277,1178,45-49,F,29,854940,227,297.9100007,8,3,150.0,-0.496492230379831,0.013215859030837005,99.30333356666667
1122279,1178,45-49,F,30,113567,34,50.29000044,3,0,0.0,-1.0,0.0,
1122282,1178,45-49,F,30,22859,6,9.419999838,1,0,0.0,-1.0,0.0,
1122288,1178,45-49,F,31,51754,13,20.51999998,1,0,0.0,-1.0,0.0,
1122290,1178,45-49,F,31,104347,28,38.13999993,4,3,150.0,2.9328788745490697,0.10714285714285714,12.713333310000001
1122303,1178,45-49,F,63,391998,97,142.0500025,3,1,50.0,-0.648011269834367,0.010309278350515464,142.0500025
1122304,1178,45-49,F,63,1111156,282,402.3000026,5,0,0.0,-1.0,0.0,
1122308,1178,45-49,F,63,427772,117,159.299999,3,1,50.0,-0.6861268028005449,0.008547008547008548,159.299999
1122310,1178,45-49,F,64,536457,136,193.6599991,2,1,50.0,-0.7418155518312196,0.007352941176470588,193.6599991
1122311,1178,45-49,F,64,179894,43,66.83999872,2,0,0.0,-1.0,0.0,
1122312,1178,45-49,F,64,479882,131,178.6700007,6,0,0.0,-1.0,0.0,
1122313,1178,45-49,F,64,358261,91,130.3600011,1,0,0.0,-1.0,0.0,
1122316,1178,45-49,F,65,346688,88,114.8599998,2,0,0.0,-1.0,0.0,
1314296,1178,30-34,M,100,33445,2,3.199999928,1,0,0.0,-1.0,0.0,
1314297,1178,30-34,M,101,72228,5,7.529999852,4,4,200.0,25.560425488837048,0.8,1.882499963
1314298,1178,30-34,M,102,49699,2,2.690000057,2,1,50.0,17.587360200936978,0.5,2.690000057
1314299,1178,30-34,M,103,189761,18,27.32999969,4,1,50.0,0.8294914221420541,0.05555555555555555,27.32999969
1314301,1178,30-34,M,105,312524,37,53.78999972,2,0,0.0,-1.0,0.0,
1314303,1178,30-34,M,107,496760,42,61.00999904,10,3,150.0,1.4586133807616597,0.07142857142857142,20.336666346666664
1314306,1178,30-34,M,110,310988,34,46.66999936,11,3,150.0,2.214056182922562,0.08823529411764706,15.556666453333333
1314307,1178,30-34,M,111,98606,9,12.10999984,1,0,0.0,-1.0,0.0,
1314308,1178,30-34,M,112,51104,2,3.199999928,3,1,50.0,14.625000351562509,0.5,3.199999928
1314309,1178,30-34,M,113,276762,22,32.09000015,5,1,50.0,0.5581177864220109,0.045454545454545456,32.09000015
1314312,1178,35-39,M,101,33534,2,2.960000038,1,1,50.0,15.891891675036527,0.5,2.960000038
1314313,1178,35-39,M,102,128859,16,23.69999957,1,0,0.0,-1.0,0.0,
1314314,1178,35-39,M,103,92080,12,16.94000018,3,2,100.0,4.903187658643815,0.16666666666666666,8.47000009
1314316,1178,35-39,M,105,211882,33,46.64999926,3,1,50.0,0.07181137820236695,0.030303030303030304,46.64999926
1314318,1178,35-39,M,107,112776,9,12.67999995,1,0,0.0,-1.0,0.0,
1314319,1178,35-39,M,108,145324,14,19.82000005,2,1,50.0,1.5227043326874259,0.07142857142857142,19.82000005
1314320,1178,35-39,M,109,106492,14,21.26000023,2,0,0.0,-1.0,0.0,
1314321,1178,35-39,M,110,233845,30,40.73000062,3,0,0.0,-1.0,0.0,
1314323,1178,35-39,M,112,155426,17,25.01000023,3,0,0.0,-1.0,0.0,
1314324,1178,35-39,M,113,97540,8,11.5199995,2,1,50.0,3.3402779661578976,0.125,11.5199995
1314325,1178,35-39,M,114,61441,5,7.700000048,1,0,0.0,-1.0,0.0,
1314326,1178,40-44,M,100,76703,9,12.14999962,3,1,50.0,3.115226466155231,0.1111111111111111,12.14999962
1314327,1178,40-44,M,101,68619,10,14.96000034,1,0,0.0,-1.0,0.0,
1314330,1178,40-44,M,104,17559,1,1.49000001,1,1,50.0,32.55704675465069,1.0,1.49000001
1314331,1178,40-44,M,105,137879,19,28.47000003,2,0,0.0,-1.0,0.0,
1314332,1178,40-44,M,106,67710,10,15.14999998,1,0,0.0,-1.0,0.0,
1314333,1178,40-44,M,107,348180,41,60.22999907,3,1,50.0,-0.16984889968386976,0.024390243902439025,60.22999907
1314334,1178,40-44,M,108,146246,18,28.71999955,3,1,50.0,0.7409471024869845,0.05555555555555555,28.71999955
1314336,1178,40-44,M,110,187236,24,34.86999965,2,2,100.0,1.8677946946867838,0.08333333333333333,17.434999825
1314337,1178,40-44,M,111,72157,9,13.50000036,1,1,50.0,2.703703604938274,0.1111111111111111,13.50000036
1314338,1178,40-44,M,112,91180,10,13.55999994,1,0,0.0,-1.0,0.0,
1314339,1178,40-44,M,113,86293,6,9.259999871,1,1,50.0,4.399568109778001,0.16666666666666666,9.259999871
1314341,1178,45-49,M,100,101410,12,17.94000006,4,0,0.0,-1.0,0.0,
1314343,1178,45-49,M,102,134245,18,25.75000024,2,1,50.0,0.9417475547176928,0.05555555555555555,25.75000024
1314345,1178,45-49,M,104,125650,20,30.08000076,4,0,0.0,-1.0,0.0,
1314346,1178,45-49,M,105,50406,5,7.26000011,1,1,50.0,5.88705223724852,0.2,7.26000011
1314348,1178,45-49,M,107,121769,13,18.41999996,2,1,50.0,1.7144408310845622,0.07692307692307693,18.41999996
1314349,1178,45-49,M,108,267106,34,50.5,4,1,50.0,-0.009900990099009901,0.029411764705882353,50.5
1314350,1178,45-49,M,109,365539,57,82.13999915,5,2,100.0,0.2174336624643124,0.03508771929824561,41.069999575
1314351,1178,45-49,M,110,188758,25,36.60000038,2,1,50.0,0.3661202043954734,0.04,36.60000038
1314353,1178,45-49,M,112,108426,13,19.58000016,1,0,0.0,-1.0,0.0,
1314354,1178,45-49,M,113,138525,9,13.65000045,3,0,0.0,-1.0,0.0,
1314355,1178,45-49,M,114,150858,21,30.26000011,1,0,0.0,-1.0,0.0,
1314357,1178,30-34,F,101,524306,81,113.6800029,10,4,200.0,0.7593243745422177,0.04938271604938271,28.420000725
1314358,1178,30-34,F,102,104496,9,11.42999983,3,2,100.0,7.7489065168253815,0.2222222222222222,5.714999915
1314359,1178,30-34,F,103,452519,68,99.52000237,7,2,100.0,0.004823127196233805,0.029411764705882353,49.760001185
1314360,1178,30-34,F,104,442919,76,110.7800021,21,2,100.0,-0.09731000086341399,0.02631578947368421,55.39000105
1314361,1178,30-34,F,105,596831,86,120.8799992,11,0,0.0,-1.0,0.0,
1314362,1178,30-34,F,106,173912,26,35.54000032,2,1,50.0,0.40686549099051905,0.038461538461538464,35.54000032
1314363,1178,30-34,F,107,780967,86,119.6400018,20,4,200.0,0.6716816866513956,0.046511627906976744,29.91000045
1314364,1178,30-34,F,108,132124,8,11.18999994,4,0,0.0,-1.0,0.0,
1314365,1178,30-34,F,109,623137,100,138.9200006,12,1,50.0,-0.6400806234951888,0.01,138.9200006
1314366,1178,30-34,F,110,99020,10,14.48000044,4,1,50.0,2.453038569106563,0.1,14.48000044
1314367,1178,30-34,F,111,665817,117,163.8000002,23,9,450.0,1.7472527438983483,0.07692307692307693,18.200000022222223
1314368,1178,30-34,F,112,699232,80,111.9899995,12,3,150.0,0.339405310025026,0.0375,37.32999983333333
1314371,1178,35-39,F,100,72982,11,15.04999995,1,0,0.0,-1.0,0.0,
1314372,1178,35-39,F,101,975884,167,237.3199975,14,3,150.0,-0.36794201255627434,0.017964071856287425,79.10666583333334
1314373,1178,35-39,F,102,245607,33,47.87999952,3,1,50.0,0.044277370535779854,0.030303030303030304,47.87999952
1314377,1178,35-39,F,106,485369,114,164.6400015,3,0,0.0,-1.0,0.0,
1314378,1178,35-39,F,107,866355,139,200.8299961,11,5,250.0,0.24483396332645757,0.03597122302158273,40.165999219999996
1314379,1178,35-39,F,108,502710,72,105.2199969,8,2,100.0,-0.049610312239041686,0.027777777777777776,52.60999845
1314380,1178,35-39,F,109,475184,88,127.3200028,4,1,50.0,-0.6072887299685168,0.011363636363636364,127.3200028
1314381,1178,35-39,F,110,357401,47,68.67000008,8,1,50.0,-0.2718800066732138,0.02127659574468085,68.67000008
1314382,1178,35-39,F,111,99810,14,20.05000019,2,0,0.0,-1.0,0.0,
1314383,1178,35-39,F,112,81569,6,9.409999967,3,1,50.0,4.313496299186545,0.16666666666666666,9.409999967
1314384,1178,35-39,F,113,441192,53,77.59999979,6,2,100.0,0.28865979730178554,0.03773584905660377,38.799999895
1314385,1178,35-39,F,114,90470,11,16.73000002,1,1,50.0,1.988643152434378,0.09090909090909091,16.73000002
1314386,1178,40-44,F,100,834243,166,246.7499975,18,7,350.0,0.4184397306832799,0.04216867469879518,35.24999964285714
1314387,1178,40-44,F,101,696612,152,223.1899948,31,9,450.0,1.0162194116418342,0.05921052631578947,24.79888831111111
1314388,1178,40-44,F,102,329333,48,67.60999918,1,0,0.0,-1.0,0.0,
1314389,1178,40-44,F,103,1114711,224,319.0000019,6,0,0.0,-1.0,0.0,
1314390,1178,40-44,F,104,267316,58,82.92999887,3,0,0.0,-1.0,0.0,
1314391,1178,40-44,F,105,228629,38,57.0,2,0,0.0,-1.0,0.0,
1314392,1178,40-44,F,106,758340,159,233.110002,13,4,200.0,-0.14203595605477284,0.025157232704402517,58.2775005
1314393,1178,40-44,F,107,877535,149,217.7799966,5,2,100.0,-0.5408210048617477,0.013422818791946308,108.8899983
1314394,1178,40-44,F,108,1357386,223,323.0600071,10,1,50.0,-0.8452299916389124,0.004484304932735426,323.0600071
1314395,1178,40-44,F,109,280240,61,87.99000168,2,2,100.0,0.13649276157168036,0.03278688524590164,43.99500084
1314396,1178,40-44,F,110,419922,75,105.4500008,3,1,50.0,-0.5258416347020075,0.013333333333333334,105.4500008
1314397,1178,40-44,F,111,402975,83,120.8999977,1,0,0.0,-1.0,0.0,
1314398,1178,40-44,F,112,1137635,211,301.0499992,30,10,500.0,0.6608536832043944,0.04739336492890995,30.10499992
1314400,1178,40-44,F,114,250234,40,62.31999922,4,1,50.0,-0.19768933527274843,0.025,62.31999922
1314401,1178,45-49,F,100,904907,195,279.219995,11,1,50.0,-0.8209297296205452,0.005128205128205128,279.219995
1314402,1178,45-49,F,101,589270,107,158.0500023,10,4,200.0,0.2654223162893305,0.037383177570093455,39.512500575
1314403,1178,45-49,F,102,168714,24,36.01000071,2,2,100.0,1.7770063323611638,0.08333333333333333,18.005000355
1314404,1178,45-49,F,103,71982,11,16.34000051,1,0,0.0,-1.0,0.0,
1314405,1178,45-49,F,104,558666,110,162.6399975,14,5,250.0,0.5371372592403048,0.045454545454545456,32.5279995
1314406,1178,45-49,F,105,1118200,235,333.7499943,11,4,200.0,-0.40074905343601386,0.01702127659574468,83.437498575
1314407,1178,45-49,F,106,107100,23,33.71000051,1,0,0.0,-1.0,0.0,
1314408,1178,45-49,F,107,877769,160,232.5900005,13,4,200.0,-0.14011780570936455,0.025,58.147500125
1314409,1178,45-49,F,108,212508,33,47.69000006,4,1,50.0,0.048437826317754826,0.030303030303030304,47.69000006
1314410,1178,45-49,F,109,1129773,252,358.189997,13,2,100.0,-0.720818557643864,0.007936507936507936,179.0949985
1314411,1178,45-49,F,110,637549,120,173.8800035,3,0,0.0,-1.0,0.0,
1314412,1178,45-49,F,111,151531,28,40.28999949,2,0,0.0,-1.0,0.0,
1314414,1178,45-49,F,113,790253,135,198.7100005,8,2,100.0,-0.4967540649772179,0.014814814814814815,99.35500025
1314415,1178,45-49,F,114,513161,114,165.6099987,5,2,100.0,-0.396171724020429,0.017543859649122806,82.80499935
